SalePrice,LotArea,OverallCond,YearBuilt,TotalBsmtSF,LivingArea
215000,31770,5,1960,1080,2736
105000,11622,6,1961,882,1778
172000,14267,6,1958,1329,2658
244000,11160,5,1968,2110,4220
189900,13830,5,1997,928,2557
195500,9978,6,1998,926,2530
213500,4920,5,2001,1338,2676
191500,5005,5,1992,1280,2560
236500,5389,5,1995,1595,3211
189000,7500,5,1999,994,2798
175900,10000,5,1993,763,2418
185000,7980,7,1992,1168,2355
180400,8402,5,1998,789,2254
171500,10176,5,1990,1300,2641
212000,6820,5,1985,1488,2990
538000,53504,5,2003,1650,4929
164000,12134,7,1988,559,2311
394432,11394,2,2010,1856,3712
141000,19138,5,1951,864,1728
210000,13175,6,1978,1542,3615
190000,11751,6,1977,1844,3688
170000,10625,6,1974,1053,2226
216000,7500,5,2000,814,2488
149000,11241,7,1970,1004,2008
149900,12537,6,1971,1078,2156
142000,8450,6,1968,1056,2112
126000,8400,5,1970,882,1764
115000,10500,5,1971,864,1728
184000,5858,5,1999,1405,2742
96000,1680,5,1971,483,1470
105500,1680,5,1971,525,1617
88000,1680,5,1971,525,1617
127500,4043,5,1977,1069,2138
149900,2280,6,1975,855,2311
120000,2280,6,1975,836,1672
146000,2280,5,1978,855,2311
376162,12858,5,2009,1590,3924
306000,11478,5,2007,1704,3408
395192,10159,5,2009,1930,3870
290941,12883,5,2009,1544,3088
220000,12182,5,2005,1541,3082
275000,11520,5,2005,1698,3396
259000,14122,5,2005,1822,3644
214000,10171,5,2004,1517,3052
611657,12919,5,2009,2330,4694
224000,6371,5,2009,1358,2716
5.00E+05,14300,5,2003,2846,5542
320000,13650,5,2002,1671,3921
319900,7658,5,2005,1752,3504
205000,7132,5,2006,1370,2740
175500,2628,5,2003,764,2390
199500,18494,5,2005,1324,2648
160000,3203,5,2006,1145,2290
192000,3182,5,2004,1256,2525
184500,13300,5,2004,384,1758
216500,7851,5,2002,860,2820
185088,8577,5,2004,847,2580
180000,7750,5,2000,384,1814
222500,9505,5,2001,884,2919
333168,14774,5,1999,1393,3992
355000,17433,5,1998,1629,4104
260400,10593,5,1996,1720,3440
325000,12256,5,1994,1463,4085
290000,11764,7,1999,1152,3422
221000,16770,5,1998,1195,3034
410000,14720,5,1995,2033,5271
221500,8987,5,2005,1595,3190
204500,9215,5,2009,1218,2436
215200,8640,5,2009,756,2303
262500,9000,5,2008,1566,3132
254900,12552,5,2004,991,2938
271500,10440,5,2005,1468,2936
233000,10142,5,2004,956,3040
181000,11920,5,2004,831,2490
205000,8880,5,1994,948,3058
143000,8012,5,1980,923,1846
189000,11218,5,1992,1055,2900
99500,7892,5,1979,918,1836
125000,7175,5,1984,744,1496
194500,9453,7,1993,996,2740
152000,9672,5,1984,1040,2137
171000,8400,6,1980,650,2214
67500,9800,5,1920,816,1828
112000,8930,5,1978,0,1902
148000,11782,7,1961,1109,2264
138500,8450,8,1965,894,1788
122000,9819,5,1967,882,1782
133000,7500,5,1963,1040,2080
127000,6897,8,1962,1040,2080
169000,15410,6,1974,1208,2702
190000,10186,5,1992,750,2673
362500,13143,5,1993,1231,3580
285000,11134,5,1992,1390,3615
260000,4835,5,2004,1488,2976
190000,3515,5,2004,840,2520
155000,3215,5,2004,600,1800
151000,3182,5,2004,600,1800
149500,2544,5,2004,600,1800
152000,2544,5,2005,600,1836
222000,4403,5,2009,1470,2948
177500,2117,5,2000,756,2329
177000,2980,5,2000,756,2268
155000,2572,5,1999,696,2112
147110,2403,5,2003,530,1610
267916,12853,5,2010,1642,3060
254000,7379,5,2000,975,2823
155000,4420,5,1980,728,1516
206000,3880,6,1978,1226,2452
130500,13517,8,1976,725,2204
230000,8000,5,2002,1492,2984
218500,10456,6,1967,1829,3658
243500,10791,5,1993,1280,3775
205000,10603,7,1977,1610,3220
212500,18837,5,1978,1224,3115
196500,10421,5,1988,980,2694
197500,9360,7,1972,1161,2542
171000,9600,6,1971,715,2360
142250,9600,5,1966,1232,2464
143000,9790,5,1963,1328,2656
128950,9320,5,1959,950,2175
159000,9900,5,1966,1209,2418
178900,9680,6,1967,1510,3020
136300,10600,5,1964,533,2308
180500,14112,7,1964,1152,2304
137500,8800,7,1963,936,1990
84900,13260,6,1962,1728,3456
142125,9717,6,1950,1078,2156
197600,9724,7,1952,1140,3601
172500,17360,6,1949,782,2338
116500,7207,7,1958,858,1716
76500,5350,2,1940,728,2034
128000,9920,5,1954,1056,2119
153000,9600,6,1955,1156,2676
132000,7800,6,1954,1268,2536
178000,11380,8,1966,1080,2208
154300,11600,5,1960,1105,3379
180000,19900,5,1970,1947,4154
190000,16492,6,1966,1517,3405
135000,8267,5,1958,1604,3208
214000,8197,5,2003,1480,2960
136000,8050,5,1959,1143,2286
165500,10552,5,1959,1398,3098
145000,8400,6,1957,1314,2628
148000,8760,6,1959,1194,2388
142000,12160,5,1959,1188,2376
167500,9300,5,1960,1268,2532
108538,10725,5,1959,1206,2412
159500,10032,5,1959,1244,2824
108000,8382,5,1956,832,2169
135000,10950,7,1952,864,1928
122500,10895,6,1955,972,1944
119000,13587,5,1958,988,1976
109000,7922,7,1953,1057,2114
105000,7898,7,1920,576,1561
107500,7200,7,1955,0,827
144900,10200,7,1954,1086,2172
129000,5868,7,1956,936,1872
97500,17503,5,1948,912,2370
144000,6979,5,1980,1056,2112
162000,9830,7,1959,1063,2350
242000,11275,7,1967,710,3688
132000,8064,8,1948,816,2040
154000,7500,7,1959,1246,2492
166000,8520,4,1952,910,2295
134800,7200,7,1951,900,1800
160000,10000,6,1962,1116,2232
148000,7635,6,1960,1175,2350
192000,9760,7,1963,1395,2790
155000,7700,5,1966,756,2595
80400,4800,5,1900,709,2553
96500,8800,7,1910,576,1716
109500,4485,7,1920,936,1872
115000,8960,6,1927,1008,2036
143000,5805,7,1957,1347,2694
107400,5790,6,1915,840,2445
80000,4608,6,1945,747,1494
119000,7200,7,1940,788,1592
130000,5500,7,1929,926,1852
119000,6900,7,1938,827,2078
129000,11851,7,1948,1027,2660
1.00E+05,8239,6,1920,1008,2253
12789,9656,2,1923,678,1510
105900,8520,8,1928,624,1344
150000,9600,9,1900,930,2496
139000,10800,6,1915,686,2338
240000,9000,9,1890,346,2614
76500,9045,3,1910,840,3096
149700,7407,7,1957,912,2148
125500,7740,7,1910,622,1985
122500,11340,6,1885,777,3067
140750,10560,7,1922,738,2208
128500,5830,6,1950,988,2600
209500,7793,7,1922,1108,3176
87000,5000,7,1925,765,1530
134000,6000,7,1939,608,1740
128000,6000,6,1940,572,1768
132000,6360,6,1942,835,2288
139900,6000,7,1948,780,2196
123900,6240,7,1936,528,1568
138400,6240,5,1930,928,2464
109500,6120,5,1923,1124,2192
140000,10300,6,1921,576,2286
149500,8094,5,1915,888,2850
159900,12900,8,1912,780,2340
122000,3068,8,1920,662,1986
110000,8472,5,1963,816,1632
55000,5600,5,1930,0,1092
140000,7630,9,1900,360,2172
244400,24090,7,1940,1032,3435
173000,15263,5,1959,1422,3097
107500,10632,3,1917,689,1913
1.00E+05,9900,4,1915,1212,2604
95000,6001,5,1940,600,1519
93369,6449,1,1907,707,2591
114900,6048,7,1910,856,2536
94000,6342,8,1875,780,1800
136000,10773,3,1967,1832,3664
136500,10778,5,1968,1768,3536
131500,11625,4,1965,1039,2078
121500,11341,6,1957,1392,2784
125000,8521,5,1967,912,1824
154000,8246,8,1968,1060,2120
137900,7800,7,1966,864,1756
158000,9364,7,1969,663,2015
137250,7832,5,1968,864,1728
160250,7424,5,1978,1319,2692
163000,11227,5,1968,720,2160
158900,11616,5,1978,672,2058
328000,14000,5,1996,1306,3566
270000,20062,7,1977,1420,2903
85000,9259,4,1927,660,1416
128000,9600,7,1950,1067,2134
260000,23595,6,1979,1332,2856
230000,17082,5,1978,1117,3098
124000,18600,4,1938,972,2582
83000,10625,5,1920,458,1293
144500,11479,7,1950,663,1737
129000,9571,6,1956,1144,2288
127000,9350,6,1947,756,1925
128000,9525,7,1954,1172,2344
186000,10420,5,2009,1212,2424
308030,17485,5,2009,1508,3016
114000,11200,3,1964,1250,2548
84900,11100,7,1946,0,930
178000,9206,5,1985,741,2473
270000,11980,5,1987,1433,2866
218000,12361,7,1993,946,2748
236000,9938,5,1993,1050,2999
147000,9069,6,1992,936,1932
245350,10475,5,2008,1694,3388
206000,6762,5,2006,1187,2395
198900,10402,5,2009,1226,2452
187000,7360,5,2010,1222,2444
320000,12376,5,1990,1673,4895
138500,14235,8,1900,676,2121
155000,8816,7,1971,1010,2062
159000,11105,5,1996,870,1835
191000,9337,5,1997,878,2570
200500,8750,5,1998,804,2486
150000,15240,8,1977,1026,2052
161750,10900,7,1977,689,2081
128200,10650,6,1976,894,1788
127000,7480,6,1972,876,1752
318000,10389,5,2003,1978,3956
272000,11423,5,2001,1581,3182
237000,9548,6,2003,941,2770
240000,9375,5,1997,1040,3138
224900,12137,5,1998,1649,3310
143750,4435,5,2003,848,1696
143000,4426,5,2004,848,1696
232000,10635,5,2003,1657,3325
213000,8400,5,2004,1473,2957
185500,8773,5,2004,1414,2828
84900,8777,6,1945,0,640
155891,8842,6,1954,381,1373
1.00E+05,9825,5,1965,0,1664
144000,10044,6,1968,1196,2392
64000,11792,5,1948,744,1864
125200,6305,6,1975,1008,2104
107000,7819,5,1976,1029,2146
90000,6410,5,1958,960,1920
140000,8546,5,2003,1121,2242
113000,8741,4,1945,735,2222
80000,12180,4,1941,672,1596
144500,8562,6,1957,1216,2742
104000,4853,6,1924,1107,2403
128000,6858,4,1915,806,2453
58500,8212,3,1914,864,1728
127000,5000,6,1924,1026,2717
126000,7890,6,1939,856,1712
160000,7200,6,1967,0,2650
1.00E+05,9839,2,1931,894,2560
169000,9638,7,1919,804,3251
257500,10452,6,1941,1528,3661
215000,15600,6,1950,1032,3209
266500,9042,9,1941,1152,3492
335000,17500,8,1959,1902,3804
203135,19645,6,1994,423,2075
185000,3907,6,1989,982,2016
162500,3907,5,1989,1191,2382
289000,15602,8,1959,1501,3302
125500,5436,8,1922,796,1950
82000,8154,5,1941,480,1020
110000,9140,5,1921,629,1736
68400,7500,4,1920,698,1826
102776,8712,7,1900,859,2037
55993,8712,5,1952,540,1584
50138,8712,7,1896,756,1708
246000,3811,5,2004,1594,3240
254900,11050,5,1998,1049,2965
190000,9620,7,1977,1243,2528
201000,9196,5,2003,1560,3120
169900,12328,5,1976,1012,2046
170000,12760,5,1976,1958,4006
160000,57200,5,1948,747,2434
220000,11896,5,2008,1336,2682
179781,9803,5,2009,1214,2428
174000,9802,5,2006,384,1828
269500,12003,5,2009,774,2742
214900,11316,5,2002,817,2711
202900,14191,5,2002,967,2875
378500,13214,5,2008,2002,4020
169000,15300,5,1965,1068,2332
173500,10114,5,2004,1430,2860
139000,9400,5,1971,912,2736
166500,11875,5,1999,1344,2688
83500,1974,5,1973,546,1638
119500,2394,6,1973,945,1890
85000,2592,3,1976,536,1648
76000,1476,7,1970,546,1638
75500,1491,6,1972,630,1260
88250,1900,4,1970,546,1638
85500,1890,6,1972,546,1638
130000,6953,7,1971,864,1738
157900,26142,7,1962,1188,2376
149900,12887,7,1984,833,1666
159000,7700,2,1985,1216,3648
136000,10475,5,1991,624,1898
161000,10544,5,1969,864,2343
285000,9892,5,1994,1679,3482
231000,12961,5,1993,1152,2949
124500,13008,5,1956,882,1764
157000,10200,5,1974,1434,2868
345000,13860,7,1972,1952,4656
189500,10179,5,1997,945,2553
270000,11792,5,2003,1008,3291
189000,8400,5,1996,384,2012
377500,14892,5,2006,1746,3492
168500,8530,5,1995,384,1858
375000,7296,5,2004,2208,4730
278000,5664,5,2000,1501,3160
240000,7380,5,1998,1418,2896
239500,8013,5,1995,1587,3321
177500,8923,5,1998,384,1766
185000,10141,5,1998,832,2550
191000,7500,5,1998,952,2588
178000,7837,7,1993,799,2370
185000,9765,8,1993,680,2150
181316,8803,5,1994,707,2223
166000,7250,5,1993,1181,2371
178000,9636,5,1992,808,2401
174000,8125,5,1994,702,2183
173000,9248,6,1992,1158,2325
225000,10762,5,1999,978,2961
180500,11851,5,1990,1424,2866
187500,5814,5,1984,1220,2580
501837,17423,5,2008,2216,4450
372500,11844,5,2008,2046,4092
260000,16158,5,2005,1530,3060
185000,11900,6,1977,1122,3056
260000,13005,7,1980,845,3198
181000,17043,5,1979,1362,2948
82500,11900,5,1977,1386,2797
215000,16635,7,1977,1602,3204
154000,13250,6,1978,832,2882
2.00E+05,10928,6,1978,1427,3098
249000,12388,7,1980,1043,3716
187500,14115,5,1980,1372,2844
184000,11088,5,1978,1140,2847
278000,9600,5,1981,2524,5048
157000,11880,5,1978,1271,2872
152000,10400,5,1976,1090,2460
197500,10304,7,1976,780,2648
240900,7000,5,2003,926,2810
263435,8004,5,2009,832,2767
220000,7500,5,2000,1058,2932
235000,8470,5,2002,972,2783
213000,9373,7,1975,1621,3242
167900,10140,6,1974,1116,2232
158000,11050,5,1975,1176,2369
165000,10140,5,1974,1064,2414
158000,10448,6,1972,689,2808
136000,9000,5,1974,896,2688
148500,8750,6,1970,1002,2004
156000,7930,8,1969,1026,2052
128000,7830,5,1970,1180,2360
143000,8510,7,1971,1043,2093
76500,7038,6,1970,864,1728
120500,6960,6,1970,864,1728
124500,8120,7,1970,864,1728
97000,10500,6,1971,864,1728
130000,9000,7,1971,864,1728
111000,1680,5,1973,483,1470
125000,2368,6,1970,765,2130
112000,1680,5,1971,630,1932
97000,1680,6,1972,483,1470
118000,1680,8,1972,483,1470
119500,1680,7,1972,630,1932
143750,4928,6,1976,958,1916
146000,2308,5,1976,804,2352
148500,2280,6,1976,855,2311
123000,2280,5,1975,1057,2112
147000,2308,5,1974,855,2177
137900,2349,5,1977,855,2311
147000,2364,5,1978,804,2352
148500,2289,6,1978,855,2296
138000,2364,5,1978,855,2311
128500,2104,6,1976,836,1672
1.00E+05,7150,5,1967,892,1784
148800,10710,7,1966,864,1984
337500,12456,5,2006,1700,3418
462000,14257,5,2007,1776,4548
485000,13518,5,2008,1926,5066
555000,15431,5,2008,3094,5496
325000,13173,5,2006,1652,3304
256300,14230,5,2007,1566,3166
253293,12704,5,2008,2042,4084
398800,12350,5,2009,1365,4055
335000,11308,5,2008,1104,3288
404000,12350,5,2008,2020,4040
402861,12220,5,2009,2006,4026
451950,13478,5,2008,1722,4018
610000,13693,5,2007,2630,5304
582933,13891,5,2008,1734,4556
360000,11578,5,2008,1736,3472
296000,16870,5,2004,1782,3564
409900,23303,5,2007,1508,4028
255500,11146,5,2006,1709,3426
335000,10367,5,2008,1739,3482
274900,9591,5,2004,1713,3426
3.00E+05,10872,5,2006,1504,3035
324000,13514,5,2008,1774,3582
350000,8834,5,2004,1462,3686
280000,11362,5,2004,1836,3672
284000,10655,5,2003,3206,4835
269500,12878,5,2003,1760,3520
233170,9541,5,2009,1502,3004
386250,13472,5,2003,2392,4784
445000,15274,5,2003,2452,4904
290000,13262,5,2003,1082,3482
255900,9658,5,2006,1598,3204
213000,6904,5,2005,1358,2716
196000,5381,5,2005,1306,2612
184500,5122,5,2005,1306,2612
212500,10307,5,2007,1350,2708
230000,5001,5,2007,1314,2628
552000,14836,5,2004,2492,4984
382500,15262,5,2003,2200,4400
320000,7390,5,2008,1884,3768
248500,6472,5,2008,1451,2907
286500,16770,5,2002,1712,3424
254000,6240,5,2006,1324,2648
173000,3480,5,2003,1405,2810
173000,2268,5,2003,764,2390
184000,10928,5,2005,728,2184
167800,8918,5,2005,745,2235
174000,12589,5,2005,742,2226
174000,11911,5,2005,684,2244
174000,3684,5,2007,1373,2928
175900,3635,5,2007,1386,2955
192500,3182,5,2005,1373,2928
181000,3182,5,2005,1346,2850
180000,3182,5,2005,1220,2440
160200,3182,5,2005,1145,2290
188500,7795,5,2004,716,2148
2.00E+05,8068,5,2002,1010,3277
170000,9434,5,2004,384,1758
189500,7984,5,2004,868,2498
184100,7750,5,2002,408,1827
195500,10125,5,2004,846,2440
192000,8965,5,2003,782,2271
178000,8174,5,2003,698,2040
207500,5063,5,2007,1314,2628
236000,8795,5,2000,952,3208
257500,12891,5,2002,870,2874
244000,12224,5,2000,992,3046
167000,9734,5,2004,384,1758
179000,8123,5,2000,982,2782
190000,8433,5,2000,794,2308
156000,7750,5,1999,384,1814
245000,15896,5,1999,1177,3489
181000,24682,5,1999,841,2516
214000,8755,5,1999,992,3052
168000,7848,6,1999,384,1814
337000,9430,5,1999,1252,3617
403000,15138,5,1995,1462,4256
327000,12720,5,2000,1455,4142
340000,16545,5,1998,1284,3734
336000,12203,5,1998,1225,3837
265000,10208,5,1996,1264,3608
315000,10750,5,1994,2024,4087
260000,9900,5,1993,1347,3993
260000,9085,5,1995,1070,3131
263550,11692,5,1993,1173,3405
402000,46589,7,1994,1629,4077
248000,29959,6,1994,973,2823
244600,9612,5,2008,1468,2936
275000,11194,5,2008,1696,3392
257500,10206,5,2008,1614,3272
287090,9262,5,2008,1573,3151
275500,10130,5,2007,1702,3404
245000,9139,5,2006,1422,2854
253000,9675,5,2005,1113,3084
468000,11128,5,2005,2458,4948
252678,8640,5,2009,900,2752
210000,9000,5,2008,768,2358
208300,7862,5,2009,1218,2436
225000,7993,5,2008,1436,2872
229456,8640,5,2009,1300,2614
229800,8640,5,2008,1402,2804
250000,12606,5,2007,1530,3060
370878,9187,5,2009,1766,3532
238500,7500,5,2006,1372,2820
310000,11003,5,2008,1017,3024
270000,10603,5,2006,900,2695
252000,10574,5,2005,1082,3035
241000,8125,5,2006,1092,2642
264500,8125,5,2008,1836,3672
291000,10625,5,2006,1652,3314
263000,9375,5,2003,912,3006
185000,7500,5,2004,1221,2442
234500,8736,5,2003,1553,3106
209000,8127,5,2003,812,2465
159000,9605,6,2007,1218,2436
152000,7500,5,2006,1141,2282
143500,7500,5,2004,1158,2316
193000,10628,5,2004,835,2647
203000,10141,5,2004,1512,3024
184900,10083,5,2003,1176,2376
159000,13072,5,2004,1114,2228
142000,13072,5,2004,1114,2228
153000,12450,5,2003,1114,2228
224243,7328,5,2008,1450,2900
220000,11492,5,1996,913,3035
257000,10994,5,2005,1844,3688
189000,8529,5,2001,1454,2888
171500,7703,6,1992,816,2546
120000,10762,6,1980,626,1843
145000,7175,5,1990,1332,2664
184000,9109,5,1994,754,2294
162000,10274,7,1986,676,2076
160000,8250,7,1981,0,1882
82000,8400,4,1950,721,1562
76000,9000,3,1928,784,1568
110000,9750,5,1962,980,1960
135000,7064,6,1977,980,1960
141000,8499,6,1961,864,1728
122000,9079,5,1961,864,1728
124100,9316,5,1965,1024,2044
129000,7791,8,1963,912,1824
131400,10000,6,1961,864,2008
62383,8281,5,1965,864,1728
123000,7150,6,1962,912,1824
275000,15676,8,1980,2014,4028
235000,11949,8,1991,975,2730
280750,2880,5,2004,1376,4381
164500,3951,5,2009,612,1836
173733,3000,5,2009,612,1836
222000,3830,5,2008,1726,3452
195000,4217,5,2008,1145,2401
172500,3230,5,1999,729,2200
180000,2998,5,2000,756,2268
156000,3768,5,1999,691,2143
172500,2645,5,1999,970,2709
318750,14694,9,1977,1694,3388
211500,3782,5,1981,1226,2452
241600,15417,5,1981,1740,3480
180500,9600,5,1976,392,2891
150000,9991,4,1976,1281,2901
154000,11700,6,1968,727,2283
185000,11717,6,1970,1442,2884
185750,9156,7,1968,1489,2978
2.00E+05,10382,6,1973,1107,3197
206000,12732,6,1974,752,2819
162000,12936,6,1972,723,2118
256900,10400,7,1967,932,3572
197900,17871,5,1967,1680,3404
163000,9600,5,1969,1288,2624
113000,9000,5,1969,1216,2432
230000,13774,7,1977,908,3196
167900,9650,5,1977,1350,2684
213250,10140,5,1998,1650,3330
227000,8400,6,2001,810,2475
130000,7130,6,1967,864,1728
143000,9600,5,1967,1568,3136
117500,9100,6,1965,925,1850
168500,9600,5,1974,1165,3226
172500,16500,5,1971,1232,2552
161500,9790,5,1967,1372,2714
141500,7436,7,1960,894,1788
118000,8125,7,1959,864,1728
127500,9100,6,1959,864,1728
140000,9450,5,1957,1040,2402
177625,13495,6,1956,1048,2776
110000,11475,5,1958,1584,3360
167000,10004,6,1964,1516,3032
153000,9350,6,1961,1313,2626
145100,10500,5,1964,1292,2584
154000,11000,6,1966,1154,2308
177500,8970,6,1965,744,2884
158000,12095,6,1964,1127,2572
124500,9600,6,1959,1041,2082
174500,11475,6,1961,1208,2784
122000,9768,5,1955,960,1920
82500,5330,7,1940,420,1128
110000,7015,4,1950,709,1912
149500,12160,4,1953,1505,3010
175000,9900,5,1967,1680,3371
167000,9600,5,1953,1416,3060
128900,9600,6,1956,1050,2100
140000,9600,8,1950,856,2524
147000,9600,7,1950,1113,2226
124000,8944,5,1967,1584,3168
187500,10573,6,1961,1453,2906
159000,9500,5,1963,1394,2788
256000,14695,8,1966,1562,3129
205000,13600,6,1965,768,2754
193500,13000,6,1968,896,3038
110000,13560,3,1968,1392,2784
104900,12513,4,1920,715,2453
150000,8760,7,1956,1169,2313
156500,8400,3,1957,1478,2956
176000,12285,6,1960,1329,2658
149500,9240,8,1959,988,1976
139000,9600,6,1958,1240,2872
155000,12400,7,1958,1215,2430
120000,8750,5,1956,1202,2404
153000,8750,5,1955,1382,2764
144000,10400,5,1956,1200,2400
176000,19296,5,1962,1362,2744
153000,8532,6,1954,1297,2594
135000,9482,4,1958,1866,3732
131000,8128,7,1954,1062,2124
123000,10634,6,1953,608,1927
126000,13070,5,1951,631,1743
115000,10434,5,1955,1005,2010
164900,14559,7,1951,1008,2371
113000,8480,6,1945,793,1586
145500,7626,8,1952,1031,2062
102900,9533,5,1953,0,1210
95000,10615,5,1900,978,2677
152500,11419,7,1948,699,2226
129900,9600,6,1950,1200,2400
132000,8000,6,1948,972,1944
99900,5470,5,1958,792,1584
135000,10410,7,1916,660,2172
149000,10800,7,1939,676,2028
114000,8146,8,1900,405,1444
109500,9022,8,1924,768,1560
125000,10230,7,1925,1054,2132
142900,10410,5,1915,1313,2626
156500,7200,9,1910,560,2250
59000,5400,5,1940,416,1015
105000,5400,6,1920,840,2214
106000,10800,7,1920,720,1566
78500,10800,5,1890,630,1355
190000,9671,5,1969,1248,3792
154000,10143,7,1963,1380,2760
163000,11500,4,1967,1040,2080
2.00E+05,11643,5,1969,1248,3882
143500,8010,9,1958,951,1902
135000,10454,6,1957,1105,2210
153000,8712,7,1957,992,2298
157500,17600,5,1960,1478,2956
113500,9000,6,1958,160,1302
133000,12144,7,1949,832,1868
92900,8544,4,1950,0,1040
128500,8064,5,1950,795,1928
90000,7200,5,1949,0,1040
138000,7200,4,1950,1208,3112
128000,7350,6,1958,1041,2082
139000,7560,6,1958,1029,2368
118900,7200,7,1952,732,1464
138000,8000,5,1959,528,1711
132500,7931,5,1959,1148,2296
133500,10800,7,1949,832,2293
135000,8064,7,1948,864,1928
144750,7570,5,1964,780,2586
145000,8604,7,1978,941,1882
127000,7936,6,1963,1045,2090
109500,6600,5,1962,894,1788
115000,3950,8,1926,818,2042
110000,10440,6,1910,440,1670
128900,4080,8,1935,901,2279
103500,10307,5,1910,972,2916
66500,5720,6,1941,676,1807
130000,15660,8,1910,240,1546
129000,9900,8,1910,504,1968
150000,6406,6,1939,690,2248
107500,6600,4,1892,994,3366
94550,7627,6,1920,600,2301
124500,7596,5,1952,960,2920
135000,3378,8,1946,651,2040
103000,10134,5,1910,801,2248
93000,6000,4,1953,936,1872
129500,6000,7,1950,768,2096
93000,6000,4,1954,811,2198
80000,7404,6,1920,861,1722
45000,5925,4,1940,0,612
37900,5925,6,1910,600,1568
91300,5784,8,1938,190,1076
99500,8520,8,1923,624,1416
113000,4456,5,1920,736,2188
87500,9600,4,1910,677,2187
110000,3500,7,1947,720,2004
106000,8100,5,1898,849,2987
265979,11700,7,1880,1240,3880
160000,8400,7,1900,917,2924
119000,3600,7,1917,624,1912
168000,17671,9,1882,916,2658
58500,3300,3,1910,624,1440
143000,9000,9,1920,650,2132
85000,7200,4,1910,1022,2044
124900,8820,6,1890,1088,2837
119000,5400,6,1920,972,2016
146500,9720,7,1910,741,2262
34900,7879,5,1920,720,1440
44000,9392,3,1900,245,1042
223500,21384,6,1923,1324,2900
149000,6615,6,1923,1022,2454
205000,7264,7,1925,952,2500
137000,4960,7,1930,297,1951
121000,8854,6,1916,952,1904
128000,6000,6,1936,672,1996
134900,6000,9,1937,698,1874
117000,6000,8,1925,884,2232
132500,6000,6,1939,780,2192
93000,6000,5,1924,468,1610
119000,6000,7,1926,884,1788
1.00E+05,6911,5,1924,1145,2446
141500,6120,6,1936,927,2466
133000,6120,7,1935,884,2457
60000,6120,3,1936,264,1064
105000,6120,7,1931,715,1590
115000,6120,6,1925,960,1955
150000,6120,6,1938,952,2534
126500,8635,5,1925,1072,2144
214500,11888,6,1916,844,2978
167500,11414,8,1910,728,2747
155000,8094,6,1915,1048,2816
155000,2500,8,1915,910,2736
179900,9928,8,1915,672,2616
104000,5520,6,1912,755,2613
62500,3000,1,1922,1040,3168
149000,6876,5,1927,720,2650
103000,6240,5,1925,780,1628
123000,5775,7,1915,483,1910
97500,5852,5,1902,1020,2884
135000,5160,6,1927,1204,2870
70000,5160,6,1923,858,1750
116000,10320,7,1915,698,2101
88750,4280,9,1946,560,1264
179000,10800,5,1987,1200,2400
179000,10800,5,1987,1200,2400
159900,10547,5,1978,1152,2304
61000,10020,1,1922,683,1587
103600,6629,6,1925,672,2041
63000,9780,3,1934,585,1697
175000,12886,6,1963,520,1984
139000,8816,6,1963,1121,2242
172500,11184,5,1978,918,2601
113500,11625,6,1967,1052,2104
130000,7800,7,1967,864,1763
149900,8014,5,1978,456,1490
134900,7252,5,1982,858,1716
137000,8740,6,1982,840,1700
139000,11616,5,1962,1092,2184
165000,15400,5,1961,552,2067
148000,15312,5,1960,1138,2276
165000,15584,5,1956,825,2896
63900,9000,2,1947,0,660
161500,11250,5,1957,1104,2892
143000,25095,8,1968,1437,2910
135000,17140,6,1956,1134,2363
82500,12342,5,1940,861,1722
190000,10708,5,1955,1617,3484
139600,13680,5,1955,0,1733
122000,15635,5,1954,0,1383
127500,9855,5,1956,1436,3125
121500,9571,5,1956,1073,2146
60000,9571,3,1958,1276,2552
154400,9350,7,1946,747,2386
113000,9340,6,1941,672,1344
125000,7440,6,1954,1089,2178
84000,11500,3,1957,0,845
139500,4235,5,1984,1049,2098
131000,11409,4,1949,768,2484
105000,9060,5,1939,560,1818
108000,9084,5,1940,755,2265
162000,10778,6,1990,1054,2115
156500,19255,5,1983,520,1858
316600,12327,8,1983,1496,3628
271900,14684,7,1990,2158,4354
213000,9317,5,1993,740,2515
239900,10560,5,1993,1079,2958
239500,9828,5,1995,1128,3148
131000,26400,7,1880,0,2016
118964,7018,5,1979,0,1535
153337,7018,5,1979,1086,2310
147983,7018,5,1979,0,2228
118858,7018,5,1979,0,1535
118858,7018,5,1979,0,1535
142953,7018,5,1979,0,2240
148325,7040,5,1979,1094,2323
113722,7007,5,1979,0,1513
269500,11855,5,2000,1168,3955
269500,7939,5,2000,1168,3955
269500,7976,5,2000,1168,3955
323262,10933,5,2009,1555,3235
297000,10637,5,2007,1705,3423
295493,10226,5,2008,1622,3252
332000,10816,5,2008,1720,3440
239900,9178,5,2008,1468,2936
212000,10769,5,2007,866,2634
272500,11422,5,2007,1838,3676
239000,11923,5,2007,1800,3600
220000,8814,5,2006,1604,3208
2.00E+05,6762,5,2007,1282,2572
221800,10324,5,2008,1254,2508
194500,7314,5,2007,1232,2464
237000,11645,5,2005,1498,2996
173000,11646,5,2005,704,2126
275000,12800,5,1989,1518,3162
233500,16698,5,1992,1449,3208
185000,28698,5,1967,1013,3139
152000,12464,5,1996,1040,2080
143000,9757,7,1994,990,1980
231500,15426,5,1997,928,2692
212000,10667,6,1996,799,2460
207000,14753,5,1998,1463,2926
145000,10859,5,1994,1097,2194
138000,8072,5,1994,990,1980
197900,10400,5,1998,866,2645
204000,10335,5,1999,1490,2991
192000,9017,5,1999,1431,2862
2.00E+05,8750,5,1998,928,2700
195000,8935,5,2002,831,2491
227000,9808,5,2002,1573,3146
230000,12420,5,2001,944,2784
187100,16285,5,2001,1413,2843
203000,10739,5,2002,1431,2875
201000,11166,5,2001,1492,2984
124000,8430,5,1978,1040,2080
140000,16269,5,1978,907,1814
134900,6950,7,1979,914,1828
150500,8800,7,1977,1040,2080
136500,7000,8,1978,864,1728
143500,9286,7,1977,1268,2536
133500,15523,6,1972,864,1728
123000,7200,5,1972,894,1788
133900,7200,8,1972,768,1536
133000,8445,7,1972,768,1536
250000,11664,5,2002,1569,3180
254750,12334,5,2003,1068,3252
236500,11838,5,2001,1753,3541
261500,11885,5,2001,1299,3171
313000,11050,5,2000,1440,3593
198500,8749,5,2002,840,2565
211000,11250,5,2001,944,2814
220000,15750,5,1999,1462,2975
203000,11883,5,1996,1504,3008
279500,12782,5,2002,1822,3650
210000,8750,5,1997,1417,2834
219500,9375,5,1997,1057,3091
191000,8750,5,1996,880,2596
178000,9100,5,2001,1212,2424
213000,9750,5,2000,1630,3260
144000,4435,5,2003,848,1696
140000,4435,5,2003,848,1696
293200,10200,5,2007,1578,3180
190000,9313,5,2004,864,2592
190000,8487,5,2004,1500,3000
173500,8633,5,2005,738,2214
170000,11069,5,2007,608,2004
108000,8777,5,1949,0,1126
167000,9937,7,1964,1486,2972
1.00E+05,8877,6,1938,816,1632
198500,7301,5,2003,0,1922
159500,7950,6,1977,690,2116
127000,10682,6,1960,1014,2163
125000,7200,6,1976,1041,2166
320000,13286,5,2007,1698,3396
145500,3675,5,2005,547,1619
118000,9405,9,1947,698,1396
85000,6410,5,1959,876,1752
120000,11767,5,1950,1078,2446
98000,8405,3,1945,0,1529
99900,4060,8,1922,864,1728
82000,10206,3,1952,0,944
119900,10926,5,1959,1678,3356
103500,11767,5,1956,1150,2710
112000,8926,3,1956,672,1632
110000,12354,8,1920,684,1880
122000,8212,6,1941,720,2018
117000,10998,5,1941,984,2588
160000,6300,4,1938,832,2100
159434,4500,5,1932,793,2313
60000,8400,5,1920,290,728
139500,9900,7,1940,778,2267
197000,15863,3,1920,824,3509
105000,5707,6,1935,583,1825
135000,7804,3,1928,1122,3103
147500,8574,8,1916,816,2048
137450,6171,6,1925,976,2584
155000,7200,9,1936,560,1695
177000,7558,6,1928,896,2809
145000,6292,7,1928,861,2338
137000,7155,8,1918,600,1828
234000,10918,9,1926,1276,3356
205000,13680,6,1940,840,2407
177500,7500,7,1942,771,2265
160000,9600,7,1940,728,2036
155000,14680,4,1960,1273,2546
163500,13360,7,1921,876,1840
154900,7681,6,1921,731,2074
205000,8145,6,1940,920,3400
144800,9100,6,1954,1112,2224
174500,12000,7,1941,704,2268
193000,13339,6,1960,1561,3122
158000,15600,7,1949,1067,2590
158500,14000,8,1950,1092,2244
224000,17500,5,1954,1310,3216
115000,1733,6,1980,516,1548
137000,1488,6,1980,561,1790
121000,1612,6,1980,561,1790
124000,1300,6,1980,561,1790
208000,13607,6,1986,572,2554
315000,17597,9,1971,1803,4168
222000,21695,9,1988,880,2560
147000,10690,7,1920,672,2016
123000,8660,6,1900,760,2616
78000,6402,5,1920,596,1788
85000,8470,2,1915,1013,2026
75000,10200,6,1925,572,1144
230000,3843,5,2007,1596,3244
57625,21780,4,1910,0,810
251000,10125,5,2000,1107,3159
239686,12822,5,2003,1434,3583
240000,12118,5,2004,1710,3420
215000,12209,5,2001,804,2765
156450,9750,6,1977,902,1828
173000,9360,7,1977,957,2244
126000,10125,5,1977,0,1734
173000,9947,5,1990,1188,2405
152000,11070,5,1991,1582,3177
137500,14375,6,1958,819,2163
375000,215245,5,1965,2136,4172
315500,12898,5,2007,1620,3240
224500,13159,5,2009,846,2538
410000,13438,5,2008,2190,4226
316500,14463,5,2008,1641,3282
201000,8925,5,2007,1466,2932
175000,11457,5,1988,1392,2804
204000,9839,8,1980,712,2949
213500,14419,5,1987,1645,3124
220000,6853,5,2001,1267,2563
170000,9157,5,2003,912,2926
315000,14601,5,2006,1838,3676
425000,12633,5,2007,1978,3956
139500,12518,7,1968,1008,2016
115000,21750,4,1960,0,1771
162000,4500,5,1998,1204,2408
165000,4500,5,1999,1224,2448
91000,1596,5,1973,462,1450
130000,9858,6,1968,864,1738
86000,1526,8,1970,630,1260
160000,13383,5,1969,1188,2592
80000,1477,4,1970,630,1260
97000,1533,6,1970,546,1890
88000,2217,4,1970,546,1638
131900,7689,8,1972,796,1592
131250,7706,5,1993,384,1475
165500,9101,6,1978,1097,2207
112000,8780,5,1985,833,1666
149000,7669,6,1992,828,1711
143000,14115,5,1993,796,2158
130000,10429,5,1992,624,1911
196000,9819,5,1977,1567,3134
173000,10457,7,1969,784,2416
176500,11029,8,1958,1184,2598
237500,12925,7,1970,1205,3322
206900,11075,5,1969,952,3064
187500,8702,5,1997,926,2530
165000,8139,5,1995,680,2150
195500,9535,5,1998,926,2530
192000,9042,5,1998,943,2581
173000,15038,5,1996,916,2552
177900,14137,5,1996,1348,2732
175000,21872,5,1996,729,2175
286000,4923,5,2001,1593,3186
247900,6264,5,1997,1664,3346
180000,5395,5,1993,1337,2674
180000,5070,5,1992,1280,2560
181000,10839,5,1997,926,2530
183000,11184,5,1998,932,2565
188000,8000,5,1995,773,2431
194500,10832,5,1994,712,2607
185000,14067,5,1991,836,2545
189000,4671,5,1988,1228,2456
188500,5950,5,1989,1337,2674
355000,13543,5,2005,1168,3668
325000,11198,5,2005,1122,3626
387000,15401,5,2004,1884,3768
115000,31220,2,1952,1632,3106
334000,8118,5,2007,1710,3420
133000,47280,5,1950,1488,2976
215000,20544,6,1986,791,2884
226500,12680,6,1988,1675,3363
175500,12090,6,1981,1422,2844
181900,10825,7,1983,1260,2520
235000,18559,5,1978,2048,4112
220000,14450,5,1979,1782,3564
272000,12227,7,1977,1330,4202
161000,13068,5,1976,1211,2422
175000,15611,6,1977,1126,2252
185000,10400,6,1980,738,2782
146900,9743,6,1969,720,2028
292500,12511,7,1978,1420,4260
180000,11361,5,1976,1193,2716
159900,10400,5,1976,1444,2888
205000,10480,6,1976,803,2767
157000,10000,6,1973,1176,2354
306000,14311,5,1996,1236,3576
133000,9000,5,1974,896,2688
151000,9750,8,1969,1054,2108
111900,10295,6,1969,936,1872
123000,7560,5,1971,864,1728
111250,12735,5,1972,864,1728
181000,4060,5,1998,1405,2742
103400,1680,5,1973,483,1470
1.00E+05,1680,5,1973,483,1470
100500,1890,6,1972,483,1470
106000,1869,6,1970,483,1470
85400,1680,5,1971,483,1470
89500,1680,3,1971,483,1470
111750,1680,5,1972,630,1932
140000,4043,6,1977,1069,2138
143000,2308,6,1975,855,2311
148500,2529,6,1977,1055,2110
110000,9477,5,1966,864,1756
394617,12444,5,2008,1932,3864
426000,12474,5,2007,1682,4014
385000,14803,5,2007,2078,4162
446261,14948,5,2008,1452,4165
317500,12704,5,2007,1582,3164
372402,13891,5,2007,1710,3420
417500,13693,5,2007,2418,4882
383000,14418,5,2007,1950,3900
390000,13418,5,2006,1850,4598
460000,12539,5,2005,1620,4410
379000,12151,5,2005,1414,3745
250000,8899,5,2007,948,3036
316000,10574,5,2004,1148,3480
615000,12720,5,2003,2535,5005
412500,13688,5,2003,1572,4240
284000,10625,5,2003,998,3044
284000,10845,5,2003,1603,3178
421250,16900,5,2001,1479,4128
370000,16451,5,2003,1765,4455
336860,10110,5,2008,1858,3724
367294,8769,5,2008,1702,3404
192000,12304,5,2005,1367,2734
274000,12677,5,2003,1518,3036
266000,8849,5,2005,1684,3368
370967,8232,5,2007,1800,3600
234250,6240,5,2006,1342,2684
219500,6240,5,2006,1342,2684
155000,2448,5,2003,764,2390
154000,2448,5,2003,764,2390
207000,8198,5,2004,1358,2716
195000,3940,5,2003,1415,2870
219990,3940,5,2004,1393,2969
191000,3182,5,2005,1346,2850
159895,3182,5,2007,1266,2532
187687,3710,5,2007,1146,2392
179000,9024,5,2004,789,2304
193000,7415,5,2004,839,2432
190000,9587,5,2005,856,2022
176000,8029,5,2005,728,2184
188000,8010,5,2002,840,2560
213000,8396,5,2003,847,2833
217300,7301,6,2007,1350,2708
186500,10261,5,2000,936,2728
226750,8220,5,2000,982,2874
184000,15384,5,2004,788,2278
176000,7750,5,2002,707,2121
225000,12460,5,1999,1037,3359
185900,8390,5,1999,831,2482
284500,9660,5,1997,1173,3372
315000,9200,5,1998,1470,4100
250000,14260,5,2000,1145,3343
291000,11000,5,2000,1519,3691
350000,11675,5,1998,1982,3988
279500,10990,5,1996,1064,3189
290000,11929,7,1995,1242,3743
350000,10437,6,1995,2109,4222
341000,10542,5,1993,1311,3729
287500,10010,5,1993,1080,3277
271000,10944,5,1994,1223,3350
301500,14303,5,1994,1986,3973
235128,11932,5,2007,1580,3160
214000,14598,5,2007,894,2827
232000,11957,5,2006,1574,3148
240000,13253,5,2006,1578,3156
264132,14587,5,2008,1498,3004
245000,10206,5,2007,1563,3126
227680,12274,5,2008,1417,2845
257000,9801,5,2007,1341,3202
297900,9428,5,2007,955,2829
247000,10037,5,2006,1460,2920
212700,8640,5,2007,1363,2735
250580,8640,5,2007,1372,2744
182000,11639,5,2007,1428,2856
226700,9803,5,2005,866,2634
250000,9375,5,2003,1053,3045
250000,10625,5,2005,1026,2984
339750,10800,5,2007,1034,3112
205950,8125,6,2007,813,2478
256000,10625,5,2007,1660,3320
230348,7500,5,2007,1218,2436
207500,8791,5,2003,864,2592
141000,7500,5,2004,1080,2160
188000,10110,5,2003,835,2531
192500,12774,5,2003,835,2498
146000,13072,5,2005,1175,2350
159000,13695,5,2004,1114,2228
155000,13695,5,2003,1114,2228
173000,8366,5,2004,798,2438
170000,9260,5,2007,1162,2324
182000,8453,5,1995,754,2363
163000,8480,5,1993,886,2566
193500,8125,5,1994,1408,3087
189000,14565,5,1994,832,2489
190500,8450,5,2001,827,2504
175000,8285,5,1992,836,2573
179200,7153,5,1991,1278,2572
187000,9291,5,1993,832,2542
193000,8012,5,1993,1604,3221
153900,7892,5,1993,1199,2398
128000,9100,5,1963,984,1968
144000,12968,6,1962,912,1824
135000,8100,8,1961,864,1728
115000,8450,5,1968,890,1780
119916,6360,5,1963,864,1728
142000,6768,8,1961,912,1824
192000,19508,5,1974,1430,2860
140000,10759,4,1972,1001,2642
290000,9205,5,1990,930,3613
372500,11025,5,1993,1848,4634
196000,4282,5,2004,1391,2782
171900,4017,5,2006,625,1875
178000,3435,5,2004,1235,2480
165000,3180,5,2005,600,1800
146000,3180,5,2007,689,2081
146000,3604,5,2007,689,2081
179400,2280,5,1999,744,2245
172900,2280,5,1999,744,2293
3.00E+05,4765,5,2000,1614,3252
285000,4538,5,2001,1310,2620
290000,4385,5,2001,1419,2838
305000,4109,5,1999,1557,3114
328900,5119,5,1999,1698,3407
160000,2160,5,1999,600,1852
170000,2160,5,1999,672,2076
223000,10646,5,2001,858,2647
170000,2645,5,1999,960,2546
2.00E+05,2645,5,1999,960,2567
345000,3951,5,1998,970,3363
245500,14963,5,1996,1260,2548
217500,11064,5,1995,1230,2469
324000,10846,5,1993,1719,3438
162500,11120,6,1984,1232,2464
150000,24572,3,1977,994,3938
290000,16280,9,1976,1426,3097
205000,7500,5,2002,952,2764
174000,10400,6,1970,1304,2986
183000,11104,6,1969,1427,2854
150000,11050,5,1968,1740,3480
145000,11040,7,1971,1258,2516
215000,15387,7,1967,1620,3240
140500,9750,6,1965,1625,3250
240000,10800,7,1974,1522,4136
141000,8814,6,1968,732,2196
147000,8872,8,1965,912,1824
135000,8125,7,1965,912,1837
145000,11072,5,1965,1728,3456
142600,13101,5,1965,1728,3456
135000,9246,5,1973,1656,3312
170000,13355,6,1971,825,2495
299800,8963,9,1976,1142,3857
185000,9120,6,1974,901,2777
173000,9130,8,1966,800,2432
178400,12122,9,1961,944,1943
176000,9900,5,1968,832,2810
98000,7785,5,1956,0,1014
109008,8593,6,1957,907,1814
135750,8475,7,1956,952,1904
155000,8700,6,1963,1120,2248
180500,10175,5,1964,1425,2850
174900,9020,7,1966,1127,2292
140000,9200,6,1965,1136,2272
145000,8250,7,1964,1092,2184
179900,9350,8,1965,1219,2484
168500,9020,5,1964,1248,2598
140000,9900,5,1961,1114,2228
145500,10007,7,1959,1053,2106
142000,10721,6,1959,1252,2504
141000,12493,5,1960,1100,2200
153000,11332,7,1960,1118,2236
72500,6627,6,1949,0,720
52000,4130,6,1935,270,999
118000,7420,6,1939,991,2068
87000,4882,7,1937,348,1254
141500,9600,6,1960,1296,2792
119000,9600,5,1950,1032,2284
141500,9600,8,1950,572,1909
165500,9600,6,1955,992,2653
112900,7584,5,1953,1036,2072
201800,13700,6,1965,864,2684
163000,10197,5,1961,1362,2724
139950,7875,6,1961,1144,2288
174000,8400,9,1962,1319,2856
165000,9150,5,1962,1099,2530
227000,14670,7,1966,1104,3092
135000,7390,7,1955,1098,2196
124000,9204,5,1963,1144,2288
140000,7763,7,1962,931,2214
136500,8856,4,1957,1176,2352
185000,9840,7,1959,1248,2688
163000,9120,6,1958,1261,2522
166800,13200,6,1958,1395,2965
139000,9000,5,1956,1196,2392
166000,11900,5,1957,1392,2784
136000,9464,7,1958,1080,2160
133000,10425,5,1956,1104,2208
116000,11556,6,1952,720,1602
137500,9373,6,1953,1152,2304
130000,12774,5,1953,984,1934
180000,14250,5,1957,998,2788
139000,7350,7,1951,952,1904
110000,7677,5,1953,773,1546
1.00E+05,8838,3,1957,0,1764
118500,8480,5,1947,832,2048
146000,12436,5,1957,1824,3648
89900,10122,6,1948,0,869
114000,7506,8,1925,747,1906
140000,10930,6,1945,913,2471
86900,5400,7,1940,672,1344
139000,10836,5,1922,892,2328
106250,10800,7,1900,0,1294
171000,9247,6,1962,858,2574
139000,10180,6,1968,912,1956
186000,11355,7,1958,1312,2624
157000,10920,5,1960,1253,2506
148000,12929,6,1960,1081,2162
242000,27650,7,1960,585,2654
116000,8892,7,1953,105,1015
94000,7200,7,1951,876,1752
98300,7200,5,1950,0,1048
127000,7910,5,1960,1075,2582
159000,8000,6,1959,1256,2512
125900,8000,5,1962,1027,2054
155000,7931,6,1960,1269,2538
138000,8064,6,1948,768,2088
112500,6390,7,1954,936,1920
105500,7227,6,1954,832,1664
127500,7200,5,1954,854,2132
130000,8513,5,1961,1800,3600
150000,7200,6,1955,768,2356
109500,7200,7,1954,825,1650
140000,7056,5,1963,780,2576
167900,9760,6,1964,780,2391
136870,7590,5,1963,1117,2234
143000,9836,5,2008,192,1325
73000,5232,5,1925,680,1444
157500,10440,8,1904,650,2189
122600,9184,7,1948,780,2103
111000,4800,5,1910,680,2040
256000,10440,7,1920,1510,4302
64000,4800,4,1940,672,1344
139500,6000,7,1915,728,2184
118000,11426,6,1910,828,2314
2.00E+05,11426,5,2003,1362,3444
119164,7628,6,1940,801,2457
122250,7308,5,1920,936,2676
120000,5400,6,1920,931,1958
155000,10800,6,1940,884,2320
78000,6756,6,1910,481,1380
95000,5914,9,1890,684,1764
115000,6000,5,1948,789,1578
147000,12000,7,1948,924,2046
140000,9000,6,1946,904,2403
46500,7311,5,1946,407,814
112500,6000,6,1957,928,1856
107900,6000,7,1954,901,1802
65000,12205,1,1949,448,2036
295000,18386,9,1880,1470,4963
139500,9142,5,1900,797,2424
153900,12665,8,1915,876,2292
132000,5350,8,1920,624,2074
98000,4571,5,1916,624,1968
114000,9143,7,1900,346,1363
130000,9600,5,1920,973,3323
129500,9600,5,1917,735,2793
129400,6000,9,1905,572,2112
161000,9600,9,1928,689,2067
163000,10800,7,1905,482,2394
128000,6300,6,1914,742,2226
122000,5250,5,1872,684,2837
116900,5700,7,1926,572,1683
325000,13500,9,1893,1237,4012
55000,11340,1,1920,723,1809
184000,10800,7,1890,1313,3808
110000,9750,6,1959,984,1968
131500,12150,5,1954,1050,2845
97000,12702,5,1956,0,882
115500,8516,6,1958,869,1962
138000,7111,7,1928,1008,2151
108000,7425,7,1945,672,2340
79500,9100,6,1930,742,1521
153000,7010,5,1935,1024,2762
109500,6130,6,1924,784,1568
124000,5000,7,1941,672,1882
106900,5870,9,1900,554,1844
164900,6000,7,1940,981,2653
119000,6000,7,1924,949,1898
120000,6000,7,1929,862,2020
157000,6000,7,1937,825,2322
105000,6000,5,1939,739,2081
113000,5000,7,1926,992,2005
115000,5520,7,1920,565,1781
79000,5940,7,1946,,NA
123000,6240,7,1929,704,1840
81300,6120,6,1945,0,808
162900,6240,7,1930,1078,2651
150000,6240,5,1939,989,2998
123500,6120,5,1923,1100,3002
129900,6120,5,1931,952,2726
128000,6155,8,1920,611,1973
68500,6324,6,1927,520,1040
127000,8635,5,1948,672,1957
207000,13053,7,1923,833,2681
184000,9120,6,1925,1026,2846
162500,9144,4,1915,810,2526
145000,9144,5,1940,883,2388
130000,10267,7,1918,816,1654
160000,8094,8,1910,1242,3226
161000,5100,7,1925,588,2254
127500,4347,8,1910,796,2405
93850,6291,6,1930,768,1536
136000,10266,6,1952,768,2304
141000,6876,6,1938,1272,2544
120000,10320,6,1915,880,2188
127500,7200,7,1925,1040,2080
127000,7006,6,1925,768,2004
89500,7920,7,1920,319,1725
125000,8235,7,1955,825,1650
79900,5586,7,1920,901,2099
85000,10320,8,1912,451,1210
82375,10320,3,1915,536,1880
135000,10320,7,1906,756,2225
124000,9488,6,1947,1046,2100
134000,8250,5,1968,952,2163
135000,21286,5,1948,720,1991
134432,17120,4,1959,0,1588
127500,10106,7,1940,644,1999
148000,11235,6,1963,981,2056
129500,11200,5,1965,1040,2080
157500,13014,5,1978,1008,2104
109900,7162,7,1966,876,1780
145000,10265,7,1967,992,1984
130000,9764,7,1967,894,1788
153000,7703,8,1978,450,1484
120000,9981,5,1967,1073,2146
152000,7400,5,1984,1060,2186
108959,12900,4,1969,1198,2456
95541,12900,4,1920,1300,2440
80000,9000,3,1959,1006,2012
149350,8544,6,1966,1228,2456
144900,9239,8,1963,960,1920
185000,14175,8,1956,988,2176
165000,13284,5,1954,1383,2766
235000,13500,7,1960,1602,2854
140000,13825,6,1958,533,2134
108000,10200,8,1940,672,1344
145000,10532,3,1960,988,2709
152400,8375,7,1941,576,1926
144000,10200,8,1970,864,1768
173000,2887,5,1996,1291,2582
192000,10005,5,1977,1160,3182
245000,20270,6,1979,1524,3048
241500,39104,7,1954,1385,2748
256000,53227,6,1954,1364,3027
177000,11512,7,1959,1019,2376
125600,5190,5,1948,570,1649
155000,10452,5,1953,1094,2188
240000,45600,8,1908,907,3265
260000,19550,7,1940,1580,3098
185000,21780,7,1918,1163,2837
235000,13728,7,1935,1127,3235
159900,9571,6,1956,1509,3018
99600,9350,5,1975,864,1728
134500,9360,8,1962,621,1890
119000,8405,8,1900,861,2228
107500,7000,7,1910,1117,2464
125000,10880,5,1950,1164,2328
79000,9600,5,1924,572,1668
95000,9084,6,1941,616,1727
262280,11839,5,1990,1475,3804
260000,9771,5,1995,1077,3891
226500,9938,5,1994,1602,3228
225000,14171,5,1993,812,3012
229000,10541,5,1996,672,2709
177439,10616,5,2007,628,1984
248500,9345,5,2007,1615,3230
475000,11778,5,2008,2271,4547
395039,11778,5,2008,1751,3517
228000,11228,5,1993,1080,3177
225000,11454,5,1995,1401,2912
195000,11500,6,1966,1182,2825
2.00E+05,12798,5,1997,616,2304
155000,9750,7,1994,990,1980
144000,9525,6,1995,1099,2198
145000,9245,5,1994,990,1980
226001,8696,5,1997,1418,2836
215700,13142,5,1997,864,2635
207500,8998,5,2000,782,2434
193000,9179,5,1999,873,2663
188000,8924,5,1998,880,2604
191000,9382,5,1999,1468,2947
221000,12803,5,2002,1494,2988
231500,12435,5,2001,963,2755
235000,12192,5,2000,928,2751
223500,11250,5,2001,920,2706
130250,9200,6,1975,938,1876
149900,8385,8,1977,985,1970
158000,12250,6,1978,864,2038
147000,10970,6,1978,940,1966
143195,9216,6,1975,1076,2152
163000,14330,6,1975,864,2422
110000,7990,6,1975,924,1848
127000,7180,7,1972,864,1728
124900,7200,7,1972,780,1560
230000,9742,5,2002,1777,3572
237000,9473,5,2002,1128,3159
235000,10316,5,2000,992,2857
230500,10400,5,2001,1257,3418
230000,9066,5,1999,1004,2856
222500,11404,5,1998,1153,3184
287000,9240,5,2001,1055,3318
274000,9720,5,2001,1357,3304
3.00E+05,14860,5,2002,1778,3564
255900,11250,5,2002,1128,3418
224900,8158,5,2003,884,2652
240000,10905,5,2003,1129,3456
183000,7226,5,2003,798,2438
207000,11690,5,1999,850,2614
210000,8750,5,1994,915,2823
136500,4435,5,2003,848,1696
145000,4426,5,2004,848,1696
208900,13125,5,1997,1478,2971
185000,10126,5,1997,1838,3676
214000,9135,5,2002,1536,3072
208500,8450,5,2003,856,2566
186500,9750,5,2004,1445,2890
210000,8450,5,2004,1436,2872
185900,8320,5,2004,770,2352
179900,11049,5,2007,1234,2468
218836,11058,6,2007,1564,3128
193000,9627,5,2007,1351,2712
189000,8199,5,2005,728,2184
149300,4426,5,2004,848,1696
141000,4426,5,2004,848,1696
149000,4438,5,2004,848,1696
144500,4438,5,2004,848,1696
85000,8777,7,1910,796,1592
145900,8777,7,1900,1272,3472
123000,9825,5,1966,1092,2184
147500,9937,6,1965,1256,2512
165000,12102,5,1976,456,1489
135000,6500,6,1976,1127,2254
108000,13907,6,1940,996,1992
137500,10012,5,1972,1138,2319
165400,6931,5,2003,746,2402
147000,9638,6,1977,1029,2146
160500,7200,7,1976,684,2082
176000,7024,5,2005,1132,2264
284700,47007,7,1959,0,3820
160000,63887,5,2008,6110,11752
148000,3675,5,2005,547,1619
82000,6040,5,1955,0,1152
82000,6012,5,1955,0,1152
118000,12108,4,1955,1440,2880
82500,6845,5,1955,0,1152
91900,6931,5,1955,784,1568
120000,12180,7,1938,585,1638
96000,8050,8,1947,0,1137
99000,9520,5,1953,911,1841
130500,11767,6,1946,768,1968
135000,8172,6,1954,941,2411
135500,16466,7,1955,816,2209
1.00E+05,7692,6,1954,416,1620
108000,5142,7,1923,949,2241
98000,5604,6,1925,864,1728
67000,8248,3,1914,864,1728
135900,5687,6,1912,780,2496
140000,12155,8,1925,672,2154
179500,8400,8,1939,720,2492
136500,8400,5,1925,1181,2875
168000,7290,8,1921,1228,2652
130000,8525,6,1911,940,2904
189000,9842,6,1921,612,3213
161900,7804,7,1930,960,2880
145000,8969,6,1926,644,1960
191000,11526,7,1922,588,2759
177000,15576,7,1915,840,2520
147500,15564,6,1914,676,1940
91000,6292,5,1930,768,1558
231000,7609,9,1925,798,2310
115000,10480,5,1936,1064,2230
138000,9650,3,1923,784,2387
149000,7200,6,1931,776,2278
188700,11988,7,1934,715,2375
198000,11700,6,1937,942,2880
110000,9260,4,1938,884,2258
104000,7801,5,1951,1091,2182
257076,9670,6,1935,608,2481
381000,14100,9,1935,728,4175
311500,15660,9,1939,798,2752
263400,12392,9,1950,832,2993
236500,26073,5,1956,1898,3796
224000,14778,7,1954,1296,2936
116500,1879,6,1980,516,1548
151000,1950,6,1980,716,2272
126000,7000,8,1926,894,1813
120000,6000,8,1940,720,1810
55000,3636,4,1922,796,1592
120500,5890,8,1930,816,1632
120500,6900,6,1940,740,1518
119000,8155,7,1930,780,1980
126000,6000,5,1967,624,2280
99500,7392,7,1930,520,1432
165500,9000,5,1958,1151,3106
13100,14584,5,1952,0,733
89000,5280,7,1895,173,1534
40000,8500,4,1920,649,1966
80900,5150,7,1910,356,1405
81000,18000,4,1935,894,1788
65000,9000,6,1920,592,1456
392500,5587,5,2008,1600,3252
294464,3843,5,2007,1596,3244
250000,3811,5,2004,1594,3240
275000,3842,5,2004,1594,3240
3.00E+05,23730,5,1996,1840,3872
271000,13265,5,2002,1568,3257
213000,11050,5,1996,910,2730
171000,9880,6,1977,1096,2214
171500,10125,6,1977,1196,2475
1.00E+05,10260,4,1976,0,1872
228500,9990,5,1991,1680,3369
228950,164660,6,1965,1499,3285
241500,4084,6,1986,1277,2778
287000,15498,6,1976,1565,4463
294000,11563,5,2006,1518,3055
293077,9520,5,2007,1638,3284
264966,12852,5,2007,920,2700
172500,9802,5,2006,352,1794
167500,9735,5,2006,384,1778
218689,12018,5,2008,796,2408
150000,12890,5,1989,1495,2990
184000,12416,5,1986,1606,3257
180000,18265,5,1986,1256,2512
175000,10200,5,1988,1461,2970
232500,11202,5,2003,1432,2872
195000,7915,5,1999,1666,3341
305000,12244,5,2003,1482,3744
298751,11449,5,2007,1884,3612
370000,11447,5,2005,1964,3928
209200,8940,5,1997,1344,2688
206300,7060,5,1997,1344,2688
146000,9278,5,2007,1092,2184
160500,4500,5,1997,1189,2378
173000,14137,5,1964,1200,2400
124000,4224,6,1975,1040,2080
115000,2665,6,1976,264,1568
129500,2665,7,1976,550,2025
105000,1974,7,1973,526,1514
94900,1596,6,1973,462,1450
152500,17979,6,1968,1113,2273
98000,1477,9,1970,546,1638
81000,1890,7,1972,630,1260
113000,21750,5,1954,988,1976
128500,6490,7,1983,816,1632
119500,6951,5,1984,876,1799
130500,6600,9,1982,816,1632
138000,6600,8,1982,816,1632
134500,6600,6,1982,845,1690
160000,12508,7,1940,983,2733
137500,12395,6,1984,864,1753
172000,11075,4,1969,784,2752
103000,56600,1,1900,686,2522
167300,10667,6,1971,1587,3174
167000,10628,5,1970,1277,2554
244000,13651,6,1973,2223,4446
268000,15865,6,1970,2217,4434
225000,12394,5,2003,847,2580
168000,10364,5,1995,806,2378
177000,13869,6,1997,794,2264
169000,8773,5,1997,916,2516
161500,8872,5,1997,384,1768
251000,5330,5,2000,1494,3146
160000,10147,5,1994,392,2086
180000,8637,5,1999,923,2637
178750,7875,5,1996,691,2244
176000,7875,5,1995,1237,2490
204000,7500,5,1999,938,3237
160000,9556,5,1992,1168,2355
160000,10784,5,1991,384,1856
163900,9125,5,1992,384,1866
168000,7655,5,1993,903,2545
154204,18160,6,1964,1302,2430
170000,3696,5,1986,1074,2162
207500,5062,5,1984,1190,3280
182000,4740,5,1988,1166,2345
212000,5118,5,1990,1312,2633
377426,14157,5,2005,1922,3844
349265,12328,5,2005,1149,3690
591587,51974,5,2006,2660,4998
155000,41600,5,1969,1100,2524
319900,8035,5,2006,1612,3224
392000,8089,6,2007,1419,2838
441929,14082,5,2006,2220,4454
455000,13870,5,2006,1742,3784
182900,12546,7,1981,1440,2880
174000,10960,5,1984,1284,2568
178000,12090,7,1984,585,2453
176000,12090,7,1981,725,2204
213000,12299,6,1978,1529,3193
192000,11339,5,1979,780,2710
190000,11952,6,1977,808,2777
195000,12046,6,1976,848,2878
148000,10395,6,1978,1032,2064
151500,11850,6,1984,1153,2330
197000,11584,6,1979,539,2264
192350,10400,5,1979,1259,2612
152000,10793,5,1969,780,2400
170000,13001,5,1971,1625,2845
175000,12243,6,1971,1484,2968
175000,11700,6,1968,702,2445
197900,12384,7,1976,793,2728
174000,8991,6,1976,1228,2552
178900,8000,6,1974,1084,2961
139000,10500,7,1971,372,1481
143250,10530,5,1971,981,1962
184000,7472,9,1972,725,2204
155000,9457,6,1970,925,2347
133000,7920,5,1970,914,1828
119500,9758,5,1971,950,1900
123000,8294,5,1971,858,1730
110000,7340,6,1971,858,1716
128000,17199,7,1961,914,1828
120500,9000,6,1971,864,1728
133000,4058,5,1998,723,1490
155000,4113,5,2001,1337,2674
177000,10943,5,1997,1405,2742
113500,2205,6,1973,525,1617
113000,1890,5,1973,672,1890
113700,2058,5,1973,672,1890
106000,2016,5,1970,630,1932
122500,1920,5,1971,765,2130
128000,4928,5,1976,1078,2036
155000,2308,6,1976,804,2352
142500,2304,7,1978,1061,2116
129250,7150,6,1966,988,1976
356000,12469,5,2006,1790,3606
314813,11694,5,2007,1822,3650
318000,12030,5,2007,1694,3388
322400,11825,5,2006,1694,3388
318000,12085,5,2007,1734,3468
345474,14333,5,2007,2108,4230
415298,14450,5,2006,2121,4242
492000,13641,5,2007,1934,4590
338931,13440,5,2006,1108,3658
450000,15431,5,2005,1994,4040
280000,14154,5,2006,1063,3235
479069,13891,5,2007,2552,5104
395000,14226,5,2006,1935,3908
380000,13693,5,2006,2153,4796
250000,11428,5,2006,1626,3260
440000,14977,5,2006,1976,3952
418000,13654,5,2005,1704,4462
500067,17169,5,2007,2320,4610
260116,16659,5,2007,1582,3734
317000,9591,5,2004,1143,3616
319500,9709,5,2007,918,3018
325624,10562,5,2007,1582,3743
372000,13615,5,2006,1802,3604
342000,13069,5,2004,1706,4662
354000,12099,5,2004,1136,3604
350000,14277,5,2003,1317,3702
285000,11999,5,2003,1181,3555
281500,12568,5,2007,895,2713
245700,9926,5,2005,1614,3228
232698,9254,5,2005,1721,3442
250000,10732,5,2006,1298,3126
194700,7577,5,2005,1362,2724
204000,3901,5,2005,1302,2604
2.00E+05,3903,5,2005,1302,2604
207000,6289,5,2005,1362,2724
209500,4590,5,2006,1554,3108
209500,4590,5,2006,1554,3108
202500,6442,5,2006,1370,2740
280000,7841,5,2005,1577,3154
277500,7313,5,2005,1561,3122
318061,7820,5,2007,1869,3738
221370,6240,5,2006,1324,2648
2.00E+05,3242,5,2003,1405,2810
181755,15810,5,2007,768,2264
176000,10237,5,2005,768,2304
178900,10237,5,2005,783,2267
168165,13204,5,2006,608,2066
171925,8857,5,2006,738,2233
198444,9729,5,2006,698,2444
203000,12216,5,2005,1326,2652
179540,9018,5,2007,728,2184
176485,8993,5,2007,1302,2604
181134,8899,5,2007,1340,2680
156932,8499,5,2006,616,2028
166000,8229,5,2007,752,2256
177594,7713,5,2007,728,2184
173500,7697,6,2007,1246,2504
172500,3922,5,2006,1258,2516
194201,3922,5,2006,1258,2660
226500,3621,5,2003,1406,2995
185485,3710,5,2007,1266,2532
259000,14572,5,2004,1530,3060
188500,16219,5,2004,835,1954
175000,11084,5,2004,384,1758
215000,11796,5,2004,847,2806
206580,10936,5,2006,1510,3035
183500,8244,5,2004,840,2560
165500,11950,5,2003,384,1778
211000,7875,5,2003,847,2795
181000,8063,5,2000,924,2614
219500,8740,5,2002,854,2849
175000,7917,5,1999,953,2600
170000,9967,5,2000,384,1814
162000,7750,5,2003,660,1980
187000,9487,5,2000,915,2605
185000,9649,5,1999,941,2585
745000,15623,5,1996,2396,6872
384500,12191,5,1997,1779,4330
248000,11000,5,2000,969,3254
466500,11400,5,2001,2633,5266
410000,10557,5,1998,1408,4486
322500,11002,5,1998,1389,3971
252000,10790,5,1998,1066,3451
755000,21535,6,1994,2444,6760
269790,9920,5,1996,1117,3130
315750,11787,5,1996,1379,3777
290000,9950,5,1995,1203,3723
290000,12257,5,1995,1318,3849
430000,12692,5,1992,3200,6428
263000,11762,5,1992,1105,3307
330000,9044,5,1996,1325,3863
213133,9910,6,2007,1369,2738
260261,11830,5,2007,1542,3084
320000,11670,5,2006,1905,3810
282922,15256,5,2007,1485,2949
215000,10612,5,2006,1524,3058
419005,12291,5,2007,1966,3932
255000,13501,5,2006,1623,3259
147000,9986,5,2006,1795,3590
235876,9965,5,2007,1528,3056
311872,9416,5,2007,1726,3452
248328,9849,6,2007,1689,3378
227000,10000,5,2006,1588,3176
260000,8847,5,2005,1538,3076
225000,9158,5,2007,1496,2992
249000,8251,5,2005,1494,3000
307000,10084,5,2004,1686,3380
250000,9605,5,2006,982,2959
221300,8778,5,2006,1302,3132
208900,8640,5,2007,1338,2676
210400,9000,5,2006,1335,2670
255000,8640,5,2007,896,2688
212109,10411,5,2007,725,2313
270000,9000,5,2006,1088,3047
303477,9000,5,2007,1184,3794
310013,12217,5,2007,955,2835
249700,11096,5,2006,1656,3312
227875,10207,6,2007,874,2635
261329,10440,5,2007,1574,3158
253000,11824,5,2006,1685,3370
265000,10625,5,2004,1158,3601
340000,11143,5,2004,1580,4046
146000,7500,5,2006,1100,2200
147000,7500,5,2006,1143,2286
149000,12450,5,2003,1094,2188
181000,7441,5,2006,1461,2947
201000,8462,5,1994,928,2649
191750,11613,5,1993,864,2684
179000,8450,5,2000,1349,2698
215000,16196,5,1998,1482,2976
179200,8012,5,1992,1575,3150
128000,8012,5,1980,630,1896
144000,9180,7,1983,840,1724
144000,8400,5,1977,0,2020
120750,6285,5,1977,894,1788
132500,8480,6,1963,970,1940
132000,7420,5,1962,1057,2114
132500,7758,7,1962,999,1998
129000,6970,5,1961,1040,2160
143900,13673,5,1962,1140,2836
145000,7476,7,1968,1040,2080
128500,9945,5,1961,988,1976
125500,6173,6,1967,876,1778
3.00E+05,19522,5,1990,1223,3726
294000,17542,7,1974,1192,3359
129000,10751,5,1974,1037,2074
171000,16647,5,1975,1390,3091
147000,12712,7,1973,1044,2099
302000,9572,5,1990,1453,4263
285000,10678,5,1992,1683,4555
214000,4379,5,2004,1378,2756
166000,3523,5,2006,1141,2292
193800,3784,5,2006,1511,3076
208900,4230,5,2006,1352,2704
194000,3606,5,2006,1352,2704
207500,5330,5,2006,1550,3100
199900,4274,5,2006,1241,2482
164700,4251,5,2006,625,1875
176500,2280,5,1999,744,2245
176000,3230,5,1999,729,2187
168500,2117,5,2000,756,2268
177000,2117,5,2000,756,2329
177000,2117,5,2000,756,2281
148800,5105,5,2004,551,1653
174000,2645,5,1999,776,2217
239000,7399,5,1997,975,2925
204000,7321,5,1999,1339,2697
301000,8010,5,2003,1054,3102
312500,8413,5,1998,1220,3582
279700,9466,5,1994,1494,2988
255000,12000,6,1980,2002,4364
194000,16157,7,1978,1360,2792
218000,10768,8,1976,1437,2874
213750,3840,6,1978,1057,2352
187000,9600,7,1976,528,2383
181500,9600,8,1976,1262,2524
373000,17778,5,1981,2461,4958
190000,18890,5,1977,1361,3981
226000,7050,5,2001,1057,2986
143450,11700,6,1968,912,2064
240050,8000,6,1970,1008,3419
162500,8723,6,1969,973,2055
164000,11700,5,1968,1295,2590
185000,11358,7,1972,1124,2734
188500,9547,6,1993,1594,3188
255000,10530,6,1993,1148,3223
136905,11500,6,1976,1680,3360
158500,10738,7,1966,1093,2186
175500,9600,6,1973,1242,2484
127000,10800,5,1963,1052,2104
127000,8050,6,1967,949,2056
143000,10355,5,1967,1214,2428
156000,10289,7,1965,1073,2146
144000,9503,5,1958,1024,2368
119000,10624,4,1964,1728,3456
103000,10899,5,1964,0,1224
139900,12342,5,1960,978,2400
151500,12772,8,1960,958,1916
126500,8892,5,1960,1065,2130
145000,10482,8,1958,588,1726
120000,7535,7,1958,912,1824
124000,7450,5,1956,894,1968
106500,8339,7,1959,0,882
140500,14357,5,1961,864,2051
137500,8243,7,1961,964,1928
117600,8680,7,1960,894,1788
163500,8800,6,1966,1174,2374
161000,9200,5,1965,1042,2084
158000,9350,7,1964,1302,2604
224500,8800,7,1964,845,2999
147000,11382,5,1964,1130,2504
2.00E+05,22002,7,1959,1592,3244
181900,14585,6,1960,1144,2573
150750,7388,6,1959,1063,2390
101800,9842,5,1962,0,1224
124000,8280,5,1950,932,1864
138500,12172,7,1940,822,1730
39300,5000,3,1946,0,334
64500,5000,3,1946,666,1332
64000,3500,5,1945,370,1040
112000,5175,8,1958,808,1616
165000,9500,6,1964,816,2793
144000,9600,6,1955,1078,2228
137000,11345,5,1948,928,2848
105000,9492,5,1941,768,2144
146500,9480,7,1942,728,2372
126000,8668,5,1968,1560,3120
175000,10050,6,1966,793,2073
158500,9600,5,1961,1218,2472
114500,10150,5,1958,912,1824
144000,11344,5,1958,874,2398
129000,18450,5,1965,1021,3401
141000,8760,7,1957,936,1872
131000,6860,6,1956,1008,2016
142100,8250,7,1963,1053,2106
139000,8176,6,1958,1056,2112
157900,9750,6,1958,1442,2884
139400,9250,7,1954,1056,2112
150000,11988,6,1957,1244,2488
120000,9100,5,1960,1144,2288
174850,9736,6,1957,1331,3052
116000,9770,5,1957,922,1844
135000,10152,5,1956,1048,2096
163500,12155,3,1970,1657,3314
130000,12198,6,1955,1204,2615
129500,10050,5,1955,1216,2432
142000,11556,9,1953,864,2018
128600,8078,5,1958,1560,3120
125000,10950,6,1952,948,1896
136000,7942,7,1953,1040,2080
134500,8923,7,1953,1008,2016
127000,8540,8,1956,925,1850
130000,7134,5,1955,384,1744
115000,7150,4,1955,1190,2730
116900,8400,5,1955,923,1848
132000,13300,7,1956,928,1856
153000,9532,6,1953,1105,2752
112500,15783,5,1952,924,1848
138000,14190,7,1890,925,2469
135000,9600,7,1949,845,1738
156000,12099,6,1953,1216,2432
301600,21281,4,1935,666,3752
109000,10134,6,1940,735,1769
103200,5500,6,1956,882,1764
128500,10284,7,1925,1151,2432
64500,10800,6,1927,656,1624
148000,10800,9,1895,736,2270
86000,5400,6,1920,691,1382
172000,10090,5,1963,725,2376
120000,8700,7,1961,920,1808
128500,8300,6,1968,952,1904
135000,11606,5,1969,1040,3120
122900,8064,7,1949,672,1596
119200,11664,5,1948,1082,2164
143000,10496,6,1949,1040,2886
119000,7200,7,1950,876,1864
102000,7200,3,1950,864,2102
129000,7200,8,1950,864,1728
135000,7000,7,1960,1010,2144
152000,7500,7,1959,1040,2080
140000,7315,6,1958,1170,2340
152000,7903,5,1960,1242,2484
156500,8000,5,1960,1377,2754
141000,8000,4,1961,1800,3600
99000,7000,6,1961,0,925
187000,9760,8,1964,822,2673
169500,7590,5,1962,864,2676
125500,6600,5,1962,864,1728
130000,6760,5,1962,896,1832
103000,6978,7,1926,850,1810
132000,9600,7,1910,264,1696
127500,6000,6,1927,845,2141
89500,4480,5,1922,1022,2044
140000,7200,5,1980,936,1872
99900,3153,6,1920,967,1934
1.00E+05,10800,7,1885,641,1688
130000,7200,8,1940,808,1880
135000,9000,8,1900,680,1854
120000,6000,7,1948,649,1832
89471,5925,7,1937,907,2038
85000,5925,6,1900,570,1711
108500,6000,4,1920,960,1920
137000,9639,8,1900,1075,2873
110500,3880,9,1945,686,1552
1.00E+05,8520,6,1923,968,1936
184900,10337,9,1910,725,2497
145000,9863,6,1927,728,2370
125000,9600,8,1925,702,2174
114000,4571,7,1910,616,1848
90000,13600,5,1900,662,2999
144100,8398,8,1910,926,2576
117500,9900,4,1880,1008,3218
124500,3600,7,1930,687,2045
185000,13500,8,1879,819,3273
133900,7200,6,1910,1214,3505
152000,5400,7,1926,1149,2765
153500,8100,6,1948,1559,3118
159500,10800,8,1890,718,3272
87000,9439,5,1930,912,2160
104500,8626,6,1956,0,968
110000,11800,7,1949,0,1382
136500,6854,7,1925,756,1816
128250,8674,6,1950,910,2345
144000,8731,5,1920,915,2082
210000,8737,7,1923,1065,2700
135000,6125,7,1939,728,2002
128000,6000,6,1939,600,1832
131000,6000,6,1941,735,1953
113000,6120,7,1939,884,1768
126000,6240,5,1938,861,2270
132000,6240,8,1939,672,1994
131750,6240,7,1930,966,2392
132500,6120,6,1926,756,2037
137500,6120,8,1920,939,2452
132000,6120,8,1929,832,1686
127500,6240,6,1931,884,2251
102000,6180,5,1926,960,1946
2.00E+05,7755,8,1918,1100,3364
180500,13515,6,1919,764,2588
165000,8850,7,1920,768,2144
90000,8550,5,1926,750,2066
153575,8730,7,1915,698,2094
140000,5700,6,1929,672,2016
136000,8520,7,1916,714,3240
113000,5680,4,1901,592,1765
117000,5680,3,1901,969,2183
169500,7758,4,1931,1040,2858
139400,7449,7,1930,637,1745
202500,13200,6,1963,741,3035
127000,6882,7,1914,684,2039
141000,9000,6,1937,780,2155
212300,9780,9,1950,976,2928
161000,10320,5,1915,1138,3318
99500,4330,6,1958,808,2123
101000,7200,7,1920,530,1641
109900,4800,7,1916,1196,2392
128500,12358,6,1941,720,1574
122000,10120,4,1910,925,2814
87000,4388,7,1930,672,1512
50000,10320,1,1910,771,2141
219000,12888,8,1937,1005,3272
200500,18030,6,1946,1598,4205
126000,8160,6,1940,756,1890
108500,4484,6,1942,672,1954
130000,11235,5,1963,925,1924
158450,11235,5,1964,1420,2872
115400,14299,3,1964,1005,2010
118500,7943,5,1961,1029,2058
165000,14149,8,1964,980,2000
123000,11677,4,1966,1040,2080
129000,8400,5,1966,814,1727
125000,7094,5,1966,894,1788
108000,8978,5,1968,948,1896
119900,8425,6,1971,768,1636
115000,8665,5,1968,876,1773
134500,8398,5,1967,943,1886
127000,7742,7,1966,955,1910
129000,8724,5,1968,894,1788
143500,8197,5,1977,660,1945
129000,8169,7,1966,912,1824
187000,14175,5,1956,1240,2615
158000,16779,4,1920,671,3325
112000,25339,7,1918,816,2232
165250,6960,8,1940,680,1982
150000,11375,5,1954,967,2266
137000,13770,6,1958,1158,2334
89500,9000,7,1945,0,998
302000,115149,5,1971,1643,3467
182000,11075,5,1984,1190,2712
211000,10029,5,1988,1151,3211
216000,17541,7,1948,409,1734
130000,22692,5,1953,1073,2703
109900,17808,5,1946,484,1726
255000,12671,7,1954,1288,3710
243000,12615,7,1950,1202,3360
154000,10512,6,1954,988,2614
118000,5400,5,1958,864,1728
80000,11515,5,1958,0,943
150000,7711,3,1977,1440,2880
86000,9098,7,1920,528,1133
130000,3869,6,1984,1038,2076
125000,9280,6,1951,1342,2684
136500,11100,6,1951,1080,2560
96000,7550,5,1920,951,2313
120000,9060,6,1957,0,1340
228500,23920,5,1984,1105,2927
179900,10357,5,1990,910,2352
225000,13474,5,1990,700,2943
301000,10380,5,1986,1502,4232
238000,13125,5,1991,1104,3231
228500,11287,6,1989,807,2789
220000,9317,5,1994,779,2737
383970,9965,5,2007,1264,3960
424870,9965,5,2006,1466,4294
250000,9178,5,2007,1643,3294
360000,10481,5,2006,2140,4280
279500,10652,5,2006,1494,2988
200141,11175,5,2007,1316,2632
246500,10235,5,2007,1643,3294
276000,9588,5,2007,1482,4056
203000,8814,5,2005,1274,2548
155835,11103,5,2006,728,2184
194000,8556,5,2006,1240,2480
195400,6762,5,2007,1208,2416
217000,11750,5,2005,1546,3092
212999,8760,5,2006,1489,2989
175900,7242,5,2005,1270,2540
191000,9316,5,2005,879,2674
176432,9317,5,2006,1314,2628
277000,14364,5,1988,1157,3219
207000,8883,5,1988,929,2802
277000,159000,7,1958,1444,3588
240000,53107,5,1992,1580,3533
187500,12205,8,1966,832,2919
279000,20064,6,1976,966,2709
139500,14217,5,1994,1022,2044
126000,8775,5,1994,990,1980
177500,11249,5,1995,1200,2400
175000,10021,6,1997,635,1943
211000,9531,5,1998,794,2590
146000,8428,7,1994,990,1980
147900,16561,5,1996,1097,2194
123600,8070,5,1994,990,1980
204750,9337,5,1997,824,2610
235500,10820,5,1999,988,2861
217000,12352,5,1998,853,2606
190550,9543,5,2001,845,2535
217500,8826,5,2000,985,2827
226000,10665,5,2003,1453,2932
180000,11317,5,2003,840,2508
131000,11800,5,1974,864,1758
153500,8660,5,1976,1015,2040
160000,9720,7,1977,995,2004
134900,8982,5,1977,1040,2080
130000,16300,4,1977,876,1783
120000,9675,6,1975,864,1743
112500,7700,5,1972,882,1764
122000,10356,6,1975,969,1938
127000,7200,5,1972,864,1728
117000,7200,8,1972,385,1260
305900,10386,5,2004,2000,4000
228500,9375,5,2002,1284,3453
270000,11354,5,2000,1673,3346
192000,8749,5,2002,1459,2918
213000,8749,5,2003,979,2911
2.00E+05,8158,5,2002,860,2589
267000,16226,5,1998,1028,3480
228000,11927,5,1994,1556,3148
275000,12728,5,2001,1531,3970
211000,15295,5,1996,860,2852
285000,11248,5,2002,1626,3294
240000,10000,5,1995,1220,3310
131500,4435,5,2003,848,1696
246900,17227,5,1999,1341,2682
219500,8200,5,2003,847,2775
185000,8450,5,2003,1337,2674
179400,8145,5,2007,738,2214
213500,9245,5,2006,939,2736
179600,8500,5,2004,1422,2844
173500,8769,5,2005,1169,2359
167840,8334,5,2006,1330,2660
168675,8333,5,2006,738,2229
167000,9045,5,2005,768,2304
140000,9170,7,1965,1214,2428
118500,9825,5,1967,936,1872
110000,8308,6,1963,1088,2176
94750,10921,5,1965,960,1920
122000,16287,6,1925,901,2252
110000,8240,6,1960,1179,2358
118500,11841,5,1990,816,1632
133500,6285,6,1976,960,2004
148000,7917,7,1976,1143,2256
141000,9555,6,1979,0,2233
155000,8536,5,2006,1125,2250
157000,7024,5,2005,1090,2180
171500,7023,5,2005,734,2142
183850,39290,5,2008,5095,10190
184750,40094,5,2007,3138,7814
140000,3675,5,2005,547,1619
131750,6400,7,1959,960,1920
61500,6882,3,1955,0,1152
111000,10215,5,1954,864,1812
98500,8741,6,1946,1195,2390
79000,4270,6,1931,544,1318
108500,10042,8,1920,660,1525
110000,9450,5,1954,894,1788
112000,11767,7,1910,560,1906
125000,8172,5,1955,768,1536
79275,8172,5,1955,864,1728
119000,8190,6,1954,948,1896
2.00E+05,10896,7,1914,1440,4320
150000,10890,6,1923,1296,3888
165000,10592,7,1923,602,2104
96500,10594,5,1926,768,1557
136500,7223,5,1926,1290,2712
146500,6821,7,1921,651,1949
175000,7200,7,1937,731,2499
148500,4000,8,1930,531,1629
141500,6720,7,1921,585,2021
189950,7642,8,1918,912,2338
135000,7155,8,1926,686,2147
164000,7128,5,1941,918,2564
90350,4280,6,1913,440,1134
139000,5362,6,1910,661,1911
119750,6305,7,1938,920,1874
145000,7136,6,1946,979,2937
145000,6270,6,1949,1001,3003
238000,7230,7,1927,851,2569
153500,13108,5,1951,0,1226
239000,22420,6,1918,1370,3994
359100,12168,6,1934,965,4159
188000,7810,6,1930,930,2685
220000,11275,7,1932,854,2845
140000,6221,5,1941,728,2083
315000,10570,8,1932,853,3580
259500,7259,8,1945,1028,3348
257500,14442,7,1957,1477,3316
219500,13125,6,1940,800,2540
217000,21000,5,1953,1809,4068
201000,25485,4,1960,1560,3120
215000,21579,6,1968,1488,2976
123900,1782,6,1980,516,1561
170000,17871,5,1995,1680,3360
2.00E+05,3907,5,1988,1004,2024
198000,20693,5,1971,1696,3392
200624,32668,3,1957,2035,4550
315000,18044,5,1986,279,3005
115000,8500,7,1919,793,2310
141000,7000,7,1940,720,1935
87000,5000,6,1941,720,1523
129850,7288,7,1925,936,2537
1.00E+05,6060,5,1939,732,1855
150909,9060,6,1923,859,2687
75200,3672,7,1922,816,1632
118400,8263,5,1920,1012,2024
67000,8967,2,1920,961,2038
152000,13710,5,1950,910,2468
68104,11067,4,1939,0,640
119600,8250,6,1895,957,2948
140000,6565,6,1957,1073,2146
124900,6060,9,1930,837,1838
375000,5568,5,2006,1573,3198
235000,4750,5,2006,1573,3198
183500,12150,6,1979,1001,2300
156000,7540,6,1978,888,1800
134000,9187,5,1983,1084,2164
215000,10000,5,2002,1441,2833
245000,12864,5,2002,1409,2818
210000,9928,5,1991,1454,2932
148000,8750,6,1975,852,1770
143000,8410,6,1974,970,1996
244000,4054,6,1987,1501,3002
330000,9763,5,1998,1502,3004
170000,16905,6,1959,1350,2678
257000,19958,8,1958,585,2864
231713,8368,5,2006,1689,3378
267300,8298,5,2006,1546,3110
265900,9037,5,2006,1476,2960
239000,10991,5,2007,1571,3142
248900,10656,5,2006,1638,3284
174000,10331,7,1985,1265,2505
187500,13758,5,1990,1156,2873
204000,9303,5,1996,872,2628
180500,6718,5,2001,1267,2579
187500,9590,5,2003,868,2014
282000,11305,5,2002,1922,3844
178000,7777,5,1996,1491,2982
270000,14536,5,2002,1616,3245
279900,11800,5,2003,1122,3608
186700,35133,4,1963,1572,3144
283463,15306,5,2006,1732,3508
392000,12633,5,2006,1824,3648
281213,12665,5,2005,1094,3576
147000,8402,5,2007,1120,2240
130000,43500,5,1953,0,2034
140000,6710,5,1996,920,1856
132250,25286,5,1963,1064,2104
143000,25000,4,1967,1632,3264
168000,32463,4,1961,1249,2871
129900,4224,7,1976,1040,2100
134000,4224,5,1976,1142,2284
85500,1504,4,1972,546,1638
106500,1533,5,1970,530,1522
93900,1495,6,1970,546,1638
75000,2001,5,1970,546,1638
84500,1936,6,1970,630,1260
75190,1890,3,1976,546,1638
146800,11333,5,1976,1029,2091
153500,9129,5,1977,923,1931
188000,15957,6,1977,1244,2600
196000,33983,6,1977,1160,2836
157000,8286,7,1977,716,2148
138000,6723,7,1971,796,1592
129500,7244,7,1970,768,1536
80000,27697,3,1961,1396,3004
129500,7599,6,1982,845,1690
135000,11000,6,1976,1090,2268
124500,8314,7,1982,816,1632
139000,11625,7,1983,816,1632
93500,10712,5,1991,974,1948
124500,10447,6,1984,864,1751
149900,11027,5,1954,1178,2471
157500,10533,6,1956,1008,2032
169000,11765,5,1957,1617,3414
252000,39384,6,1957,1705,3095
192100,11727,6,1969,1851,3702
183500,8238,5,1997,813,2338
222000,13006,5,1997,964,3200
170000,13041,5,1995,781,2452
187500,13031,5,1995,691,2189
202000,9783,5,1996,821,2597
185000,11207,5,1997,802,2313
320000,19378,5,2005,1392,3854
240000,14859,5,2006,1670,3340
250000,13128,5,2005,1074,3138
239900,10463,5,2005,893,2694
309000,13751,5,2005,1700,3912
274725,23257,5,2006,868,2889
270000,13108,5,1994,2062,4749
183500,8076,6,1993,1160,2329
165600,7685,5,1993,697,2198
176500,9084,5,1998,935,2567
130000,3701,5,1987,1191,2395
239000,5306,7,1987,1064,2831
275000,6563,5,1985,1742,3484
457347,16023,5,2005,1398,4196
545224,18062,5,2006,1528,4918
356383,12292,5,2006,1094,3567
556581,16056,5,2005,1992,4860
361919,12438,5,2006,1234,3810
535000,16052,5,2006,1850,4548
401179,15922,5,2005,1390,4185
438780,13682,5,2006,1410,4355
169000,14762,6,1948,0,2267
145000,34650,5,1955,1056,2112
318000,8147,5,2005,1714,3428
319000,11302,5,2005,1814,3640
470000,18261,5,2005,1910,3910
202500,14145,7,1984,1208,2829
229000,13837,5,1988,1204,3387
235000,16659,7,1977,795,3058
190000,18800,5,1976,796,2370
169000,10464,6,1980,988,2090
241500,10400,5,1988,1845,3717
188900,10530,5,1978,945,2802
207500,10240,6,1980,1686,3372
250000,16692,5,1978,1392,4176
179900,11475,6,1975,713,2265
172000,9927,5,1976,1047,2130
294323,9512,5,2005,960,3278
184500,10530,6,1975,675,2550
153500,10140,6,1975,1056,2130
162900,10140,5,1976,832,2496
181000,10140,6,1974,1040,2349
155000,10000,6,1974,1103,2206
138800,15870,5,1969,1096,2192
116050,9353,5,1970,864,1728
88000,8125,4,1971,858,1716
97500,7200,4,1971,864,1738
190000,8773,5,2002,1487,2906
105500,2760,5,1973,525,1617
125500,2160,6,1973,765,2130
83000,1953,5,1973,483,1470
116000,1890,7,1972,494,1524
91500,1680,5,1971,672,1890
118000,1680,7,1972,672,1890
89000,1680,5,1972,483,1431
108000,1680,5,1972,525,1617
94500,1680,5,1972,483,1470
146300,4043,5,1975,1069,2138
145000,7514,7,1967,943,2330
123000,7838,5,1967,864,1764
137500,2280,7,1976,1055,2110
144000,2179,5,1976,855,2311
315000,16737,5,2004,1980,3960
412083,16387,5,2006,1738,4327
342643,16259,5,2006,1249,3845
252000,16163,5,2004,1618,3236
465000,13891,5,2006,2076,4152
293000,12228,5,2006,1721,3461
415000,14780,5,2005,1868,3736
326000,16033,5,2004,1833,3683
325300,14215,5,2005,1158,3534
309000,13418,5,2004,1117,3569
3.00E+05,13975,5,2005,1090,3296
275500,10240,5,2005,1030,3128
338500,9942,5,2005,1606,3697
345000,11924,5,2005,1175,3499
344133,12867,5,2005,1209,3462
298236,10672,5,2006,1054,3443
329900,11643,5,2005,1524,3882
360000,12378,5,2003,1896,3840
281000,11065,5,2006,1085,3055
372397,13758,5,2005,1792,3584
378000,14828,5,2004,1780,3560
374000,11846,5,2003,1792,3584
437154,20431,5,2005,1848,4576
275000,10927,5,2005,1058,2962
279000,13215,5,2004,1420,3334
185850,7052,5,2005,1364,2728
282500,5911,5,2005,1560,3125
202500,6955,5,2005,1368,2736
202665,6792,5,2005,1368,2736
332200,7740,5,2006,1686,3372
310090,6373,5,2006,1666,3332
171750,3136,5,2003,1405,2810
169990,10237,5,2005,1316,2632
170440,10237,5,2005,728,2184
169985,10237,5,2006,738,2230
179665,17104,5,2006,654,2150
219210,14054,5,2006,879,2742
174190,11660,5,2006,1326,2652
172785,15578,5,2006,728,2184
258000,11631,5,2004,1052,3425
185101,9073,5,2006,738,2230
210250,3087,5,2006,1220,2584
234000,3196,5,2003,1374,2931
215000,3196,5,2003,1273,2729
246990,2938,5,2002,1368,2879
178740,3072,5,2004,1375,2789
225000,3072,5,2004,1365,2913
167240,3010,5,2005,1248,2496
156820,3010,5,2005,1142,2284
213490,3013,5,2005,1362,2868
264561,3982,5,2006,1520,3087
246578,4045,5,2006,1356,2856
192140,21930,5,2005,732,2570
183200,7861,5,2002,783,2292
178000,9056,5,2004,707,2121
201490,9171,5,2004,848,2446
230500,11194,5,2000,1406,3342
180000,7875,5,2003,783,2292
172400,8121,5,2000,953,2617
215000,8658,5,2000,982,2871
199900,11214,5,1998,930,2816
173000,10852,5,2000,959,2630
287602,12104,5,2006,1035,3357
230000,8738,5,1999,975,3266
348000,9452,5,1997,1396,3788
286000,9660,5,1998,1044,3020
3.00E+05,9545,5,2000,1160,3394
625000,35760,5,1995,1930,5557
405000,9233,5,2000,1540,4395
280000,12011,5,1998,1086,3010
258000,12090,5,1998,1141,3404
350000,10019,5,1995,1342,4068
584500,17242,5,1993,1733,5233
321000,10236,5,1994,1290,3784
290000,10120,5,1994,1165,3691
315000,12585,5,1993,1286,4085
252000,12447,5,2005,1100,3064
336820,15218,5,2006,1670,3340
423000,20896,5,2005,2077,4174
290000,10182,5,2006,1660,3320
232000,8688,5,2005,1616,3232
199000,10936,5,2006,1504,3008
198600,8640,5,2006,1278,2556
405749,13162,5,2006,2036,4676
232600,11216,5,2006,1489,2978
266000,10728,5,2006,1095,3034
186500,8125,5,2005,756,2309
200825,8125,5,2005,858,2574
197000,8125,5,2006,770,2346
185000,7200,5,2006,1262,2524
176000,7500,5,2005,1257,2523
187750,7200,5,2006,1293,2594
139500,7733,5,2005,1142,2284
186800,11024,5,2005,1400,2800
132000,13072,5,2005,1131,2262
142500,13072,5,2005,1141,2282
158000,13072,5,2004,1158,2316
184000,7800,5,2005,891,2577
184900,7632,5,2005,784,2369
187000,8304,5,1997,941,2778
175900,7153,5,1992,761,2364
248500,9370,5,1992,836,2567
172000,7175,5,1990,1398,2796
151000,7175,5,1991,1217,2434
150000,9019,5,1994,636,1956
107000,8900,4,1966,1056,2112
119900,7800,5,1965,828,1793
129500,9100,4,1962,988,1976
125000,9100,5,1963,1728,3456
119500,8927,6,1977,0,1654
144000,9240,6,1962,864,2075
151000,8471,7,1977,506,1718
126000,9308,5,1965,984,1968
116000,8450,6,1968,882,1791
133500,8638,6,1963,925,1850
120875,13052,6,1965,1024,2048
137000,13526,6,1965,935,1870
124000,8020,6,1964,912,1824
135000,6993,7,1961,912,2148
129200,8789,6,1967,912,1853
260000,14330,4,1974,1748,4394
260000,16059,5,1991,1288,3705
334000,11025,5,1992,1334,4160
310000,14541,7,1993,1338,3858
268000,13346,5,1992,1095,3390
262000,12461,5,1994,1624,3248
176400,3628,5,2004,1143,2286
197000,3316,5,2005,1247,2494
151000,3180,5,2005,600,1720
147400,2544,5,2005,600,1743
149900,2544,5,2005,600,1743
144152,3180,5,2005,600,1720
166000,2998,5,2000,756,2280
183900,3735,5,1999,691,2143
165000,2651,5,2000,673,2055
139000,4447,5,2003,530,1610
2.00E+05,8314,5,1997,569,2263
221000,7180,5,2001,1568,3136
270000,9549,5,1995,1494,2988
165000,11250,6,1977,1208,2416
214000,3760,5,1980,1235,2470
188000,3640,5,1980,1036,2072
190000,3874,5,1980,1226,2452
170000,3876,5,1978,1226,2452
385000,50271,5,1981,1842,3684
146500,13110,6,1972,1153,2346
170000,10192,6,1968,570,2490
262500,20781,7,1968,1568,3724
179900,11700,6,1968,708,2124
250000,11029,7,1968,1054,3708
165150,10400,5,1972,732,2522
164500,10140,6,1967,1334,2668
140000,9600,5,1969,1164,2328
135500,9750,5,1967,980,1960
142000,9600,5,1968,1051,2102
155000,8640,5,1968,900,2670
157500,9360,7,1968,976,1952
138500,8400,5,1968,1052,2104
140000,8400,6,1968,833,1731
124400,9759,5,1966,1051,2102
158000,9600,7,1967,1141,2282
146000,9230,8,1965,864,2064
190000,14803,5,1971,825,2818
136500,10659,6,1961,1050,2100
129900,9100,5,1958,864,1728
145000,8393,5,1959,1626,3338
185900,8800,7,1965,1187,2752
160000,8800,6,1964,1251,2502
167000,10368,6,1964,1008,2496
157500,9350,6,1964,720,2160
140000,10382,5,1958,588,1683
150000,8973,7,1958,1008,2061
151500,10800,7,1960,1248,2496
129800,8550,8,1934,816,1632
137000,11425,6,1954,1008,2016
137000,9724,7,1947,938,1981
121600,4712,7,1946,747,1977
85500,5900,7,1923,440,1309
79900,5825,5,1926,600,1347
127000,7438,8,1908,504,1756
161000,9600,6,1961,1251,2684
146500,10858,6,1952,1444,3068
135000,9600,5,1951,1056,2272
137900,10680,3,1951,2136,4272
133000,9490,7,1941,806,2384
137000,9462,6,1949,704,2432
121000,9888,6,1954,936,1872
119000,8917,5,1967,1584,3168
172000,12700,5,1964,1246,2492
98600,8500,3,1961,1235,2470
226000,14200,6,1966,924,3081
118000,9000,5,1954,936,2064
235000,25419,4,1918,1360,4080
135000,9723,7,1963,1008,2016
132500,7728,6,1962,1106,2296
143000,8163,6,1959,1144,2288
132000,8400,5,1957,1179,2543
145250,11600,5,1960,1383,2766
162000,9610,6,1958,1121,2457
148000,10000,6,1956,1058,2428
141000,14850,5,1957,1092,2184
153000,10152,6,1956,1124,2248
134450,10011,6,1957,1070,2306
135960,7032,5,1979,943,1886
156000,8092,8,1954,1050,2100
140000,11310,5,1954,1367,2742
139500,12778,6,1952,1008,2016
155000,10170,6,1951,216,1791
127000,7700,7,1956,301,1446
133500,11050,5,1956,1005,2010
125000,13600,6,1955,1056,2112
142000,15428,6,1951,884,1768
167000,21299,5,1941,929,2968
159000,13300,5,1956,1015,2399
180000,22136,5,1925,2171,4811
127000,7500,6,1947,784,2096
112000,7000,6,1924,617,1927
99800,10410,8,1930,713,1426
117000,5400,7,1954,833,1666
108480,5400,6,1921,1073,2146
68000,10914,3,1929,715,1430
86900,7008,8,1900,448,1168
120000,10800,6,1920,1120,2250
155500,7200,8,1915,663,2258
80000,10818,4,1910,1077,2837
105000,10410,4,1915,672,1886
160000,10800,4,1900,954,3368
170000,10800,8,1936,796,2262
160000,8658,5,1965,1088,2412
159950,13400,5,1966,1024,2110
165000,10184,5,1963,1083,2229
159000,9786,7,1962,912,2646
147000,9510,5,1962,1135,2342
115000,7800,5,1964,912,1824
159500,8910,6,1959,655,1849
120000,7332,6,1959,864,1728
129900,7100,7,1957,816,1632
183000,10800,6,1961,1313,3086
157500,11650,5,1959,0,1472
277500,18275,8,1962,1438,3886
207500,16321,6,1957,1484,3084
147500,12144,6,1950,910,2431
135000,10800,4,1949,720,1912
109500,7200,7,1950,0,1040
109900,7200,5,1950,0,1040
133700,7560,5,1959,1040,2080
81400,8544,4,1950,0,1040
87500,8544,4,1949,0,1040
93500,8544,4,1950,0,1040
119000,8512,5,1960,1556,3112
141000,7945,6,1959,1150,2300
146000,7000,4,1961,1150,2300
155000,7590,5,1966,660,2008
134500,10205,5,1962,925,1924
120000,7400,6,1962,1045,2090
105000,7000,6,1962,864,1728
124000,7000,5,1962,1025,2050
169000,9856,8,1900,716,2730
107000,9906,4,1925,686,2014
135000,9600,6,1948,1212,2880
111500,5520,6,1920,1147,2804
156500,9600,8,1900,780,2196
178000,9600,7,1925,728,2369
139900,6451,7,1900,712,2140
105000,3960,8,1930,502,1506
110000,5684,8,1930,813,1626
111500,7745,6,1900,938,2889
108000,7741,5,1924,1032,2064
111500,5633,7,1925,844,1688
124000,9000,6,1880,636,2386
105000,7200,5,1950,576,1440
116000,4400,8,1920,648,1766
96900,7614,5,1905,738,2114
135500,6000,7,1955,960,1920
139000,6000,7,1924,816,2382
61500,7830,5,1921,492,984
120000,9576,7,1945,770,1952
126175,5820,8,1955,1162,2325
64000,5747,4,1920,798,1638
137000,9142,8,1910,1020,2948
87000,9600,2,1900,1095,2869
163000,10800,7,1914,880,2648
155000,6300,6,1910,1226,3330
79000,5000,4,1900,540,1980
144000,8850,6,1916,815,2505
114504,3600,7,1910,684,2052
157000,7200,7,1920,596,2358
125000,11340,5,1923,1200,2400
475000,22950,9,1892,1107,4143
93500,5976,7,1920,624,1872
125000,9750,5,1958,960,1920
64500,4761,3,1918,1020,2040
1.00E+05,7446,5,1941,788,1576
140200,6435,5,1939,972,2549
202500,11737,7,1924,848,2675
159000,5000,7,1947,1004,2668
119900,7800,7,1939,793,1911
114500,6240,6,1934,816,1632
115000,6240,4,1936,896,2240
75000,6120,5,1930,728,1890
88000,6120,7,1925,768,1783
80500,6240,5,1947,0,912
149000,6240,6,1928,1042,2618
110000,6120,7,1930,741,2065
110500,6000,6,1925,1103,2206
89000,6000,7,1921,616,1232
113000,6380,6,1922,993,2041
109000,11672,5,1925,816,1632
220000,33120,5,1962,1595,4081
129000,9873,5,1970,960,1920
117000,5310,8,1910,485,2120
52500,4118,4,1941,693,1386
107000,10320,5,1924,596,2026
116500,7518,8,1910,396,1726
72000,9000,4,1919,610,1429
119500,8600,6,1937,780,2156
125500,7200,6,1938,803,2163
91000,9786,4,1922,1007,2084
84500,6780,8,1935,520,1040
90000,7200,6,1930,984,1968
137500,12375,5,1951,806,2228
150000,11136,5,1964,1921,3842
131000,21370,5,1950,0,1640
130000,6930,4,1958,1062,2414
125000,8250,7,1935,0,1032
80000,5220,3,1936,830,1709
157000,5500,5,2004,1073,2146
148000,11235,5,1963,1051,2433
90000,10791,5,1967,0,1296
154500,8414,8,1963,1059,2127
153600,11327,6,1967,1064,2128
164500,11777,6,1966,1164,2484
132000,10366,7,1964,912,1846
142500,9000,6,1966,1059,2118
158000,11553,5,1968,1051,2210
149500,7844,7,1978,672,2072
165000,9535,5,1967,1176,2634
180000,10335,6,1968,1461,3182
160500,7176,6,1978,960,2000
156500,9662,4,1977,1967,3934
157000,8235,4,1977,1949,3898
172500,13650,5,1958,1052,2972
155000,13125,4,1957,1134,2937
170000,17920,4,1955,1763,3542
105000,17529,5,1924,872,1744
145000,10246,9,1965,648,1608
168000,14175,6,1956,1188,2625
278000,20355,6,1967,1865,3695
164000,13050,6,1963,1000,2000
225000,15593,4,1953,1304,3591
130000,10820,7,1971,782,1592
142500,13350,5,1974,864,1758
148400,1700,5,1980,430,1990
190000,5271,5,1986,1453,2906
146000,9375,5,1954,967,2317
128000,6488,5,1942,799,1949
225000,7800,8,1948,896,2904
274970,19690,7,1966,697,2898
235000,19950,7,1928,672,2681
415000,19800,8,1935,1836,5508
182000,11679,5,1962,1776,3336
135000,12048,6,1952,0,1488
137000,10519,8,1955,1057,2114
136900,9525,4,1954,994,2849
149900,9525,5,1953,1000,2609
123500,6420,7,1952,980,2128
93000,8335,5,1954,0,1124
91500,7585,3,1948,810,2266
180000,11200,5,1985,1298,2596
209000,12128,4,1989,868,3427
215000,9554,5,1993,777,2688
224500,9069,8,1993,1344,2784
229800,11003,5,2005,1308,3184
183600,7488,5,2005,1208,2416
194000,7406,5,2006,1199,2419
193879,6762,5,2006,1286,2580
221500,11210,5,2005,1614,3228
204900,8990,5,2006,1498,2996
239799,8760,5,2006,1391,3353
233555,13377,5,2006,1836,3682
260000,11645,5,2005,1734,3468
294900,11645,5,2005,1570,3160
209700,10984,5,2005,945,2754
225000,9316,5,2005,1614,3228
181000,9316,5,2005,784,2380
220000,10041,5,1992,908,2823
190000,36500,5,1964,1624,3206
180000,21453,5,1969,938,1926
280000,70761,5,1975,1533,3066
158900,12000,5,1968,1388,2776
148000,8846,5,1996,870,1784
145000,13015,6,1996,1100,2200
187000,12438,5,1995,781,2280
193000,8685,5,1998,1425,2850
156000,13568,5,1995,990,1980
235000,9100,5,2000,1525,3050
217000,9236,5,1997,1479,2973
214000,10264,5,1999,1588,3176
196000,9272,5,1999,842,2591
217000,13426,5,1999,951,2730
2.00E+05,13450,5,2002,916,2777
192500,14006,5,2002,936,2712
205000,13704,5,2001,1541,3082
132500,10780,5,1976,911,1865
157500,8340,6,1977,675,2063
174000,10385,6,1978,995,2277
128500,9920,6,1969,971,1942
128500,9560,7,1972,864,1728
149900,9800,7,1972,894,1788
119900,7200,8,1972,864,1728
137000,3612,5,1993,630,1950
255000,11367,5,2002,1065,3054
222000,9930,5,2002,826,2588
214000,9468,5,1999,840,2595
220000,11088,5,2002,1348,2706
275000,14781,5,2001,1753,3540
197000,8726,5,2002,872,2781
230000,8125,5,2002,1654,3308
268500,10566,5,1999,1090,3304
210900,21533,5,1996,1065,3114
227000,11250,5,1998,1054,2993
237000,11250,5,1995,930,2925
274300,9750,6,1998,1108,3205
216837,9100,5,2004,1860,3696
133000,4435,5,2003,848,1696
155900,4435,5,2004,848,1696
233230,15611,5,2006,1079,2998
207000,8810,5,2003,1390,2780
195000,12393,5,2004,847,2795
2.00E+05,9135,5,2003,1682,3382
203160,8581,5,2006,851,2588
195800,8400,5,2005,784,2395
212900,10084,5,2005,1552,3104
196500,11645,5,2004,860,2580
198000,8772,5,2005,1336,2672
173900,8846,5,2005,750,2250
163990,8461,5,2005,728,2184
164990,8767,5,2005,1310,2620
98000,8777,6,1910,676,2112
149900,17755,4,1959,1466,2932
102000,8877,5,1951,836,2056
127500,7840,5,1975,976,1988
127500,9400,5,1975,945,1925
119900,16133,4,1969,1176,2352
196500,7162,5,2003,796,2520
117250,8050,5,2002,914,1828
229000,11060,5,2003,1150,3464
145000,3675,5,2005,547,1619
140000,3675,5,2005,547,1619
142500,3675,5,2005,547,1619
134000,2522,5,2004,970,2679
130000,2522,5,2004,970,2679
130000,2522,5,2004,970,2679
137500,2522,5,2004,970,2679
130000,3363,5,2004,976,2684
97900,6956,7,1948,624,1560
92000,7822,3,1915,832,2170
107000,8707,5,1924,1093,2762
81000,8410,3,1910,658,1842
104900,9738,7,1924,784,2005
115000,8172,7,1955,864,1728
125000,16012,4,1954,954,2436
116000,8248,7,1918,686,1936
83000,8248,4,1922,864,1828
118500,6204,5,1912,795,2544
35000,8088,3,1922,498,996
121000,11388,7,1910,616,1889
160000,7082,8,1916,686,2614
140000,8400,5,1940,940,2535
137000,10890,5,1938,1058,2609
128000,6430,6,1945,780,2120
160000,7000,8,1926,624,2103
138887,13132,5,1914,747,2531
149000,4899,8,1920,755,2265
102000,6000,5,1926,1008,2016
167000,9399,8,1919,818,2454
200100,7588,6,1920,793,2595
131000,10164,5,1939,992,2457
112000,6191,4,1941,824,2112
140000,9550,5,1915,756,2473
195000,21780,5,1920,817,2367
230000,11435,7,1929,792,2309
194000,12400,6,1940,901,2618
137500,11600,5,1922,700,1880
250000,11500,7,1936,1017,3074
218000,8170,7,1929,1022,2693
239000,16560,8,1932,952,3297
199500,12320,7,1932,637,2246
210000,14210,7,1930,697,2498
230000,14115,7,1956,1073,2884
217500,12984,6,1977,1430,3077
257000,15600,7,1950,1168,3483
157000,15750,5,1953,1165,2501
223000,16381,5,1969,1844,3688
102000,7288,6,1942,976,1952
145400,7000,7,1926,861,2146
72000,8534,4,1925,432,1104
85000,7030,6,1925,641,1282
106500,8765,6,1936,951,1902
139000,9060,5,1957,967,2605
108000,11040,6,1920,637,1973
51689,12366,5,1945,0,729
35311,9000,3,1949,480,960
115000,9000,6,1951,660,2056
78000,8520,5,1916,216,1152
375000,5748,5,2005,1573,3351
3.00E+05,3842,5,2004,1594,3240
242500,23580,6,1979,1625,3250
145000,8385,5,1978,1664,3328
209000,9116,5,2001,1491,2982
135000,10530,5,1977,975,1979
148000,11080,6,1975,1128,2338
171000,11070,5,1988,1907,3866
335000,26178,5,1989,1210,3729
230000,8239,5,1986,0,1295
250764,50102,5,1958,1632,3282
228000,16669,6,1981,1686,3393
176000,13811,6,1987,1112,2249
180000,8049,5,1990,1309,2648
250000,11170,5,1990,1216,3730
202000,8098,5,2000,1381,2784
312500,14331,5,2002,1800,3600
320000,13618,5,2005,1728,3688
369900,11443,5,2005,1868,3896
359900,11577,5,2005,1838,3676
81500,31250,3,1951,0,1600
215000,7020,5,1997,1288,2656
164000,4500,5,1998,1216,2432
153500,4500,5,1998,1237,2574
84500,17217,5,2006,1140,2280
104500,2665,6,1977,264,1568
127000,2665,6,1977,757,2232
151400,3964,4,1973,942,3463
126500,10172,7,1968,864,1738
146500,11836,5,1970,1652,3304
73000,1470,6,1970,630,1260
79400,1484,4,1972,546,1638
140000,13384,5,1969,1104,2464
92000,1533,7,1970,630,1260
87550,1533,5,1970,546,1638
79500,1526,5,1970,546,1638
90500,1936,7,1970,546,1638
71000,1894,5,1970,546,1638
150900,12640,5,1976,1728,3456
188000,9297,5,1976,1728,3456
160000,17400,5,1977,1126,2252
131000,20000,7,1960,1224,2448
142500,7937,6,1984,1003,2006
131000,8885,5,1983,864,1766
132000,10441,5,1992,912,1882
170000,10010,5,1974,1389,2778
188000,9627,5,1993,996,2996